"","mathc1","mathc2","mathc3","mathc4","mathc5","mathc6","mathc7","mathc8","mathc9","mathc11","mathc12","mathc13","mathc14","mathc15","mathc16","mathc17","mathc18","mathc19","mathc21","mathc22","mathc23","mathc24","mathc25","mathc26","mathc27","mathc28","mathc29","mathc31","mathc32","mathc33","mathc34","mathc35","mathc36"
"1",1,1,0,1,1,1,0,0,1,1,0,1,0,0,1,1,0,0,0,1,1,0,0,0,0,0,0,1,0,1,0,0,0
"2",1,1,0,1,0,1,1,1,1,1,0,1,0,0,0,0,1,1,0,1,0,1,0,0,0,0,0,1,1,0,1,1,0
"3",1,0,0,0,1,0,1,0,1,0,0,0,0,1,0,0,1,0,0,0,0,1,0,0,0,0,0,0,0,0,1,0,0
"4",1,1,0,0,0,1,0,1,1,0,1,0,0,0,1,0,0,0,0,1,1,0,1,0,0,0,0,0,0,0,0,0,0
"5",0,0,0,0,0,1,0,1,1,1,1,0,0,1,1,0,0,0,0,0,0,1,1,1,1,1,1,1,0,1,0,0,1
"6",0,1,1,1,0,0,0,0,0,1,0,0,0,0,0,0,0,1,1,0,1,1,0,0,1,0,0,0,0,1,0,1,0
"7",0,0,1,1,1,1,0,1,1,1,0,0,1,0,0,1,0,0,1,0,0,1,0,0,0,1,1,0,0,1,1,0,1
"8",1,1,1,1,1,1,1,1,1,1,0,1,0,1,1,1,NA,NA,1,1,1,1,1,NA,1,1,1,1,NA,0,NA,NA,NA
"9",1,0,0,0,0,0,1,1,1,1,NA,1,1,NA,1,NA,1,0,1,0,NA,NA,1,1,NA,0,1,NA,1,0,NA,NA,0
"10",1,1,0,0,0,0,0,0,1,0,0,0,0,0,0,0,0,0,0,1,0,0,1,0,0,0,1,1,1,0,0,0,0
"11",1,1,1,1,0,1,1,0,1,1,0,1,1,0,1,0,1,0,0,1,0,0,1,1,1,1,0,0,1,0,1,1,1
"12",1,1,1,1,0,1,1,1,1,1,1,1,0,0,1,1,1,1,1,1,1,1,1,1,1,1,1,1,1,1,1,1,1
"13",1,1,0,0,0,0,1,0,1,1,1,1,1,1,1,0,1,1,0,0,1,1,1,0,1,1,1,1,1,0,1,0,1
"14",1,1,0,1,1,1,0,1,1,1,1,1,0,0,1,0,0,0,0,0,0,1,0,1,0,1,1,0,0,0,0,1,0
"15",0,0,0,0,1,0,0,0,0,0,0,1,0,0,1,0,0,0,0,1,1,0,0,0,0,0,0,0,0,0,0,0,0
"16",0,1,1,1,0,0,0,0,1,0,1,0,0,0,0,0,0,0,0,0,0,0,1,0,0,0,0,0,0,0,0,0,0
"17",0,1,0,1,0,0,1,1,1,0,0,1,0,0,1,0,0,1,0,0,1,1,1,1,1,1,1,0,1,1,1,1,0
"18",1,1,1,1,0,1,1,1,1,0,1,1,1,0,1,0,1,0,1,1,0,1,1,0,1,1,1,0,1,1,1,0,1
"19",1,0,1,1,1,1,1,1,1,1,0,1,1,1,0,1,1,1,1,1,0,1,1,0,0,1,1,0,1,1,1,0,1
"20",1,1,0,0,0,0,0,1,0,0,0,1,0,0,0,1,0,0,0,0,0,0,1,1,1,1,0,0,0,1,1,0,0
"21",0,0,0,0,0,0,0,1,1,1,0,1,0,1,0,1,0,0,0,1,0,0,0,0,0,0,0,0,1,0,1,0,1
"22",1,1,0,0,0,1,1,1,1,1,1,1,0,1,1,0,1,0,0,0,0,1,1,0,1,0,0,0,1,0,1,1,1
"23",1,1,1,1,0,1,1,1,1,1,1,1,1,1,1,1,1,1,1,1,1,1,1,1,1,1,1,0,1,1,1,1,1
"24",1,1,0,1,0,0,1,1,1,1,0,1,0,1,1,0,0,1,0,1,0,0,1,1,0,1,1,0,1,0,1,1,1
"25",0,0,1,1,0,0,1,1,1,1,0,1,0,0,1,1,0,1,1,0,1,0,0,0,0,1,1,1,0,1,0,1,1
"26",1,1,1,1,0,1,1,1,1,1,1,1,0,0,1,1,0,1,1,1,1,1,1,0,1,1,0,1,1,1,1,0,0
"27",1,1,1,1,1,1,1,0,1,1,1,1,0,1,1,1,1,0,1,1,1,1,1,1,1,1,1,0,1,1,1,1,1
"28",0,1,1,1,1,1,1,1,1,1,1,1,1,0,1,0,NA,0,1,1,1,1,1,NA,1,1,1,0,1,0,0,0,NA
"29",0,0,1,1,0,1,1,0,1,0,0,1,0,0,1,0,1,0,0,1,1,1,0,0,1,0,0,0,1,1,0,0,0
"30",0,1,1,0,0,0,1,0,1,1,1,0,1,0,0,0,1,1,1,1,0,0,0,1,0,1,1,0,0,0,0,0,0
"31",0,1,0,1,0,0,1,0,1,0,0,1,0,1,1,0,0,1,0,0,1,0,1,1,0,0,0,0,0,0,0,0,0
"32",1,0,1,1,1,1,1,1,1,1,0,1,0,1,1,1,1,0,0,1,0,1,1,1,1,1,1,1,1,1,0,1,0
"33",1,0,0,0,1,0,0,1,0,0,0,0,0,0,0,1,0,1,0,1,0,0,1,0,0,0,0,0,0,0,0,0,0
"34",0,0,0,0,0,0,0,0,1,1,0,0,1,0,1,1,0,0,1,0,0,0,1,1,0,0,0,0,0,0,0,0,1
"35",1,1,1,0,0,1,1,1,1,NA,0,1,1,1,0,1,0,0,1,1,NA,1,1,0,1,0,1,0,1,1,1,NA,NA
"36",1,1,1,1,0,1,0,0,1,1,1,1,0,1,1,0,1,0,1,1,1,1,1,0,1,1,1,0,1,1,0,1,0
"37",1,1,1,1,0,1,0,0,1,0,1,1,0,0,1,1,0,0,1,0,1,1,1,0,1,1,1,0,0,1,1,0,0
"38",1,1,1,0,0,1,0,0,1,1,0,1,1,0,1,0,1,0,1,1,0,1,0,0,0,0,0,0,1,1,1,1,0
"39",1,1,1,0,0,1,0,0,1,0,1,1,1,1,0,0,0,0,0,0,0,0,0,0,0,1,1,0,0,1,1,0,1
"40",0,1,0,0,1,0,1,0,0,0,0,0,0,1,0,0,0,0,1,1,0,0,1,1,1,0,0,0,0,1,1,0,0
"41",1,1,1,1,0,1,1,1,1,1,1,1,0,1,1,0,0,0,1,1,1,1,1,1,0,1,0,0,1,0,1,0,1
"42",1,1,1,1,0,1,1,1,1,1,1,1,0,0,1,1,1,1,1,0,1,0,1,1,1,0,1,0,1,0,0,0,1
"43",1,1,1,0,0,1,1,1,1,0,0,1,1,1,1,1,1,0,1,1,1,1,1,1,1,0,1,0,1,0,1,1,0
"44",1,1,1,1,1,1,1,1,1,1,1,1,1,0,1,0,1,1,1,1,1,1,1,1,1,1,0,0,1,1,1,1,1
"45",1,1,0,0,0,0,0,1,1,0,0,1,0,0,0,0,0,0,1,0,0,0,0,0,0,0,1,0,0,0,0,0,0
"46",1,1,0,0,0,0,0,1,1,1,1,1,0,1,0,0,1,1,0,0,1,1,1,0,0,0,1,0,0,0,0,0,0
"47",1,1,0,1,0,0,1,1,0,0,0,0,0,0,0,1,0,0,0,0,0,0,1,1,1,0,0,0,0,1,0,0,1
"48",1,1,0,1,0,1,0,1,1,1,1,1,1,0,1,0,NA,NA,1,1,NA,NA,NA,NA,NA,NA,NA,NA,NA,NA,NA,NA,NA
"49",1,1,1,0,0,1,1,1,1,1,1,1,0,0,0,0,0,1,0,1,1,1,0,1,0,1,1,1,1,1,0,0,1
"50",1,1,0,0,0,1,0,1,0,0,1,1,1,0,1,0,0,0,1,0,0,0,0,0,1,0,1,0,0,1,0,0,0
"51",0,1,1,1,0,1,0,1,1,1,1,1,1,1,0,1,0,1,0,1,NA,1,1,0,0,1,0,0,1,0,0,1,0
"52",0,0,0,0,0,0,1,0,0,0,0,1,1,0,0,0,0,0,0,0,0,0,0,0,0,0,0,0,1,1,0,0,1
"53",1,0,1,0,0,1,0,0,1,0,0,1,0,0,0,0,0,0,0,1,1,1,0,1,0,0,0,0,1,0,1,0,0
"54",1,1,1,1,0,1,1,1,1,1,0,1,0,0,1,1,0,0,1,1,0,1,1,0,1,1,0,0,1,1,1,1,0
"55",1,1,0,0,0,1,1,1,1,1,0,0,1,0,0,1,1,1,1,1,1,0,1,1,0,1,1,0,0,1,1,0,0
"56",1,1,0,1,0,1,1,0,1,1,0,1,0,1,1,0,1,0,1,1,1,0,0,0,1,0,0,1,1,1,0,0,0
"57",1,1,1,0,0,1,1,1,1,1,1,1,1,0,1,1,0,0,0,0,1,1,0,1,1,1,1,0,1,1,1,0,1
"58",1,1,1,0,0,1,0,1,1,0,0,1,0,0,0,0,1,0,0,0,0,0,1,0,1,0,0,0,1,0,1,0,0
"59",0,0,0,0,0,0,0,1,1,1,0,1,1,0,1,0,0,0,1,0,1,0,0,1,0,0,0,0,0,0,0,0,1
"60",1,1,1,0,1,1,0,1,1,1,1,1,1,1,1,0,1,0,0,1,0,0,1,1,1,1,1,0,1,1,0,0,0
"61",0,1,0,0,0,1,1,1,1,0,1,1,0,0,1,0,0,1,0,1,1,1,0,1,1,0,0,0,0,1,0,1,0
"62",1,1,0,0,1,1,1,0,1,0,0,0,1,1,0,0,1,0,0,0,1,0,0,0,1,0,0,0,0,0,1,1,0
"63",1,1,1,0,0,1,1,0,1,0,1,1,1,0,0,0,0,0,1,1,1,0,0,0,0,0,1,0,1,0,0,0,0
"64",0,1,1,0,0,1,1,1,1,0,0,0,0,1,0,1,0,1,0,0,1,1,1,0,0,1,0,0,1,1,1,1,0
"65",0,1,1,0,0,1,0,1,1,1,NA,1,1,1,1,1,1,0,1,0,0,1,1,0,1,1,0,0,0,0,NA,1,0
"66",1,1,1,1,0,1,1,1,1,1,0,1,0,1,1,1,0,1,1,1,1,1,1,1,1,1,1,1,1,1,1,1,1
"67",1,1,0,1,1,0,1,1,1,0,0,0,0,0,0,1,0,0,0,1,0,1,0,0,0,0,1,0,0,0,1,0,0
"68",1,1,1,1,1,1,1,1,1,1,1,1,1,1,1,0,1,1,1,1,1,1,1,1,1,1,1,0,1,1,1,1,1
"69",1,1,1,1,0,1,1,1,1,1,0,1,1,0,0,1,1,1,1,1,1,1,1,1,1,1,1,1,1,1,1,1,0
"70",1,1,1,1,0,1,1,0,1,0,1,1,0,1,1,0,0,0,1,0,1,1,1,1,1,1,1,1,1,1,1,0,1
"71",1,1,1,1,0,1,0,0,1,1,1,1,1,0,0,0,0,0,1,1,1,1,1,1,1,1,1,0,0,1,1,1,1
"72",0,1,0,1,0,0,0,1,1,1,0,1,0,0,0,0,1,0,0,0,1,1,0,1,1,0,1,0,1,0,0,0,0
"73",1,1,0,0,0,1,1,0,1,1,0,1,0,0,1,0,1,0,1,0,0,0,0,0,1,1,0,0,0,1,1,0,0
"74",0,1,0,1,1,0,1,1,1,0,0,1,0,0,1,1,1,1,1,1,0,1,1,1,1,0,1,0,1,1,1,0,1
"75",1,1,0,1,0,1,0,1,1,1,0,1,1,1,0,0,1,0,0,1,1,0,1,0,1,1,1,0,0,1,1,0,0
"76",1,0,1,1,1,1,0,1,1,1,1,1,0,0,1,0,1,1,0,0,0,1,1,1,1,1,1,1,1,1,1,1,0
"77",1,1,1,0,0,0,1,NA,1,1,1,1,1,1,0,1,1,0,1,1,1,0,1,1,0,1,0,0,0,0,1,1,0
"78",1,1,0,1,1,1,1,0,1,1,1,1,1,1,1,1,1,0,1,1,1,0,0,0,1,1,1,0,0,0,0,1,0
"79",1,1,1,0,0,1,1,0,1,0,1,1,0,0,1,0,1,0,1,1,1,0,1,1,1,1,1,1,0,0,0,0,0
"80",0,0,0,0,0,1,1,1,0,1,1,1,0,1,0,0,1,0,1,0,0,0,0,0,0,1,0,0,0,1,0,1,1
"81",0,0,1,0,NA,NA,NA,1,1,0,0,0,0,0,1,0,1,0,1,0,0,0,0,1,0,1,0,0,NA,0,0,1,0
"82",1,1,0,0,1,1,1,0,1,0,0,0,0,0,0,0,0,0,0,0,0,1,0,0,0,0,0,0,0,0,0,1,0
"83",1,0,1,1,1,1,1,1,1,1,0,1,1,0,0,0,0,0,0,1,0,0,0,0,0,1,0,1,1,0,0,1,0
"84",1,1,0,0,0,1,0,1,0,1,0,1,0,0,1,0,0,1,1,0,0,0,1,1,1,0,1,0,1,0,0,0,0
"85",1,1,1,1,1,0,1,1,1,1,1,0,1,1,0,1,0,0,0,0,1,0,1,0,1,0,0,0,1,0,1,1,0
"86",1,0,0,1,0,1,0,1,1,1,0,0,0,0,0,0,1,0,0,0,1,0,0,1,0,0,0,0,1,0,0,0,0
"87",1,1,0,1,0,0,1,1,1,0,0,1,0,0,0,1,0,1,1,0,0,1,1,1,1,0,0,0,0,0,0,0,0
"88",1,1,0,0,0,0,1,1,1,0,1,1,0,0,0,0,1,0,1,0,1,0,0,1,1,0,0,NA,1,0,1,NA,0
"89",0,1,0,1,0,1,1,1,1,1,0,1,1,1,1,0,0,0,0,0,0,1,1,0,1,1,1,0,0,1,1,0,0
"90",1,1,1,0,0,0,1,0,1,0,1,1,0,0,0,0,0,0,1,0,0,0,0,0,1,0,0,0,1,1,0,0,0
"91",1,0,1,0,0,0,1,0,0,0,0,1,0,0,0,0,0,0,0,0,1,0,0,0,0,0,0,1,0,1,0,0,0
"92",1,0,0,0,0,0,1,0,0,0,0,0,0,0,0,0,0,0,0,0,0,0,0,0,0,0,1,0,1,0,1,1,0
"93",0,1,1,1,0,1,1,1,1,1,1,1,0,1,0,0,1,1,0,1,0,1,1,0,1,1,0,0,1,0,1,0,0
"94",1,1,0,1,1,1,1,1,1,0,1,1,1,1,1,1,0,0,0,1,1,1,1,1,0,1,1,1,1,1,1,1,0
"95",0,1,0,1,0,0,0,0,1,1,1,1,1,1,0,1,0,0,0,0,1,1,0,1,1,0,0,1,0,1,0,0,0
"96",0,0,0,0,0,0,0,0,1,0,0,1,0,0,0,0,0,0,0,0,0,1,0,0,0,0,0,0,0,0,0,1,0
"97",1,1,1,1,1,1,1,0,1,1,1,1,1,1,1,1,1,1,0,0,1,1,1,1,1,1,1,0,1,1,1,1,1
"98",1,1,1,1,1,1,1,1,1,1,1,1,0,0,1,1,1,1,1,1,1,1,1,1,1,1,0,0,1,1,1,0,1
"99",0,0,0,0,0,1,0,0,1,1,1,1,1,0,1,0,0,1,0,0,0,0,1,1,0,0,0,0,1,0,0,1,0
"100",1,1,0,1,0,1,1,1,1,1,0,1,0,1,0,0,1,1,0,1,1,1,0,0,1,1,1,0,1,1,1,0,1
"101",1,1,0,1,0,0,0,1,0,1,1,1,0,1,0,0,0,0,1,0,0,0,0,0,0,0,0,1,0,0,1,0,0
"102",1,1,1,0,1,1,1,1,1,0,0,0,0,1,1,0,0,1,1,0,1,1,1,0,1,1,0,1,1,1,0,0,0
"103",1,1,1,1,0,1,0,1,0,1,0,1,0,0,1,1,0,0,0,1,1,1,0,0,0,1,0,0,1,0,0,1,0
"104",1,0,0,0,0,1,0,1,1,0,0,1,1,0,0,0,0,0,0,0,1,0,0,0,0,1,0,0,0,0,1,0,0
"105",1,1,1,1,1,1,1,1,1,0,0,1,NA,NA,1,0,NA,NA,NA,1,0,1,1,1,1,NA,1,NA,NA,1,NA,NA,NA
"106",1,1,0,0,0,1,1,0,0,0,0,0,0,0,0,0,0,1,1,0,1,0,0,0,1,0,1,0,0,0,0,1,0
"107",1,1,1,1,0,1,1,1,1,1,0,1,1,1,1,1,1,1,0,1,0,1,1,1,1,1,1,0,1,1,1,0,0
"108",0,0,0,1,0,1,0,0,0,1,0,NA,0,1,1,1,0,0,1,1,1,1,0,0,0,0,1,0,0,0,0,0,0
"109",1,1,1,1,0,1,1,0,1,NA,0,1,1,1,1,0,1,0,1,1,1,0,1,1,0,1,1,1,0,0,0,0,0
"110",1,1,0,0,0,0,0,0,0,0,0,0,0,1,0,0,1,0,0,0,0,0,1,0,0,0,0,1,0,0,1,1,0
"111",1,1,1,1,0,1,1,0,1,1,0,1,1,1,1,1,1,1,1,1,1,1,1,1,1,1,1,1,1,1,1,0,1
"112",0,1,1,1,0,1,1,1,1,1,0,1,0,0,1,0,0,1,0,1,0,1,1,0,0,1,1,1,0,1,0,0,0
"113",1,1,1,0,1,0,1,1,1,1,1,1,0,0,1,0,0,0,1,1,1,0,1,0,1,1,0,1,1,1,1,0,0
"114",1,1,1,1,1,1,1,0,1,1,0,1,1,0,1,0,0,0,0,1,1,1,1,1,1,1,1,1,1,1,1,0,1
"115",0,1,0,0,1,1,0,0,1,0,0,1,0,0,0,0,0,0,1,1,1,0,0,0,0,0,0,0,0,0,0,1,0
"116",1,1,1,0,0,1,1,0,0,0,1,1,1,0,1,0,0,0,0,0,1,1,0,0,1,0,1,1,0,0,0,0,0
"117",1,1,1,0,0,1,0,1,1,1,0,1,0,1,1,1,0,1,0,1,1,0,0,0,0,0,0,0,1,0,0,0,0
"118",1,1,1,1,1,1,1,1,1,1,1,1,1,1,1,1,1,1,0,1,1,0,0,1,1,1,1,1,1,1,1,0,1
"119",1,1,1,1,1,1,1,1,1,1,1,1,1,1,1,1,1,1,1,1,1,1,1,1,1,1,1,1,1,1,1,0,1
"120",1,1,0,1,0,1,1,0,1,1,0,1,1,1,0,1,0,1,0,0,1,1,1,0,1,1,1,0,1,1,0,1,1
"121",1,1,0,0,0,1,0,0,1,0,0,1,1,0,0,1,1,0,0,0,0,0,0,1,0,0,0,0,1,1,0,0,0
"122",1,1,0,1,0,1,1,0,1,1,1,1,1,0,0,1,0,0,0,1,0,NA,NA,NA,NA,NA,NA,NA,NA,NA,NA,NA,NA
"123",0,1,1,NA,0,1,NA,NA,1,1,0,1,0,1,1,1,NA,NA,NA,1,1,1,0,0,NA,1,1,0,1,1,0,1,1
"124",0,1,1,0,0,1,1,1,1,0,0,0,0,1,0,0,0,0,0,0,1,0,1,1,0,1,1,0,0,0,0,0,0
"125",0,1,0,0,0,1,0,0,1,0,0,1,0,0,1,1,0,1,0,1,1,0,0,1,0,1,1,0,1,1,0,0,0
"126",0,1,0,0,0,1,0,0,1,0,0,1,0,0,0,0,0,1,0,0,0,0,0,0,0,0,0,0,1,0,1,0,0
"127",0,1,0,0,0,0,0,1,1,1,0,0,0,0,0,0,0,1,0,0,1,0,0,0,0,0,0,0,0,1,0,1,0
"128",1,1,1,1,0,1,0,1,1,1,0,1,0,0,1,0,0,0,0,1,0,1,1,0,1,1,0,1,1,0,1,1,0
"129",1,0,0,0,1,0,1,1,0,1,0,1,0,0,0,0,1,0,0,1,0,0,0,0,0,0,0,0,0,0,0,0,0
"130",0,1,0,1,0,0,0,0,1,0,0,1,1,0,0,0,0,0,1,0,0,1,1,1,1,0,1,0,1,1,1,1,1
"131",0,0,0,0,0,0,0,0,0,0,1,NA,NA,NA,NA,NA,NA,NA,NA,NA,NA,NA,NA,NA,NA,NA,NA,NA,NA,NA,NA,NA,NA
"132",1,1,1,1,1,1,1,0,1,1,0,1,1,1,1,1,1,1,1,1,0,1,0,1,1,1,1,1,1,1,1,1,1
"133",1,1,1,1,1,1,1,0,1,0,1,1,1,1,1,1,0,1,1,1,1,0,1,1,1,1,1,0,1,1,0,1,1
"134",1,0,1,0,0,1,0,1,1,1,1,1,1,1,0,0,1,0,0,1,0,1,0,0,1,0,1,0,1,1,1,0,1
"135",1,1,1,1,0,1,1,1,1,1,1,1,1,1,1,0,1,0,1,1,1,1,1,1,1,1,1,1,1,1,0,0,1
"136",0,0,0,1,0,1,0,0,0,0,0,0,0,0,0,0,0,1,1,0,0,0,0,0,0,0,0,0,1,0,0,1,0
"137",0,1,0,0,0,1,0,0,1,0,0,1,0,0,1,0,0,0,0,1,0,0,0,0,0,0,0,0,1,1,0,0,0
"138",0,0,0,0,0,0,1,0,1,0,1,0,0,0,0,0,0,0,0,1,0,0,0,0,0,0,0,0,1,NA,NA,NA,NA
"139",1,1,0,0,0,1,1,1,1,0,0,0,0,1,0,1,0,0,1,1,1,0,1,0,1,0,0,0,0,1,0,0,0
"140",0,1,1,1,0,0,1,1,1,1,0,1,1,1,1,1,1,1,0,1,0,1,1,1,1,1,1,0,1,1,1,1,0
"141",0,1,0,0,0,0,1,0,0,1,0,1,0,0,1,0,0,0,0,0,0,0,0,0,1,0,0,1,1,0,1,1,1
"142",1,1,1,1,0,1,1,1,1,1,0,1,0,1,1,1,1,1,1,1,1,1,0,1,1,0,1,1,1,1,1,0,0
"143",1,1,1,0,0,1,1,0,1,1,1,1,0,1,1,0,1,1,0,1,0,0,1,1,1,1,0,0,1,0,0,0,0
"144",0,1,0,0,0,0,0,0,1,1,0,1,0,1,1,0,0,1,1,1,1,0,0,0,0,0,0,0,0,1,0,0,0
"145",0,1,0,0,1,0,0,0,0,1,1,0,0,0,0,0,0,0,0,1,0,0,0,0,0,0,0,1,1,0,0,0,0
"146",1,1,0,1,0,1,0,1,0,1,0,1,0,0,1,0,1,0,0,0,0,0,0,0,0,0,1,0,1,0,0,1,0
"147",1,1,0,1,0,1,0,1,1,1,1,1,0,0,1,0,0,0,1,1,1,0,1,0,1,0,1,0,1,0,0,0,0
"148",1,1,0,1,0,0,0,1,1,0,0,1,0,1,1,0,0,0,1,1,1,1,1,0,0,0,1,0,0,NA,1,NA,NA
"149",1,1,0,1,0,0,0,0,0,1,1,0,0,0,0,0,0,0,1,0,0,0,0,0,0,0,0,0,1,0,1,0,0
"150",1,1,1,1,0,0,1,1,1,0,0,1,1,0,1,1,1,1,1,1,1,0,0,0,1,0,1,0,1,1,0,1,1
"151",1,1,0,1,1,1,1,1,1,1,0,1,1,1,1,0,1,1,0,0,1,0,1,1,1,1,0,0,1,1,1,0,0
"152",1,1,0,1,0,0,1,0,1,0,1,1,0,0,0,1,0,1,0,0,1,0,0,1,0,0,1,0,1,0,1,0,0
"153",1,1,1,1,1,1,1,1,1,1,1,1,1,1,1,1,1,1,1,1,1,1,0,1,1,1,1,1,1,1,1,1,1
"154",1,1,1,0,0,0,1,0,1,1,1,1,1,0,0,0,1,0,1,1,1,1,1,0,1,0,0,1,0,1,1,1,0
"155",1,1,1,1,1,1,0,0,1,1,1,1,0,1,1,0,0,0,0,1,1,0,1,1,1,1,1,0,1,0,0,0,0
"156",0,1,0,0,0,0,0,0,1,1,0,1,0,1,1,0,0,0,0,0,0,0,0,1,1,0,0,0,0,0,1,1,0
"157",1,1,1,1,0,1,1,1,1,1,1,1,0,1,1,1,0,1,1,1,0,0,0,0,0,1,1,1,1,1,0,0,0
"158",1,1,0,NA,1,NA,0,0,1,0,0,0,1,NA,1,NA,NA,NA,NA,1,1,1,NA,0,NA,NA,NA,NA,NA,1,1,0,NA
"159",0,0,1,0,0,1,1,0,0,0,0,1,0,0,0,0,0,1,1,1,0,1,0,0,0,1,1,0,0,0,1,0,0
"160",1,1,1,1,0,1,1,0,1,0,0,1,0,0,0,0,0,0,0,0,1,1,0,1,1,0,1,1,0,0,0,1,0
"161",0,0,1,0,0,0,1,0,1,0,0,NA,1,1,0,0,0,0,0,0,1,0,0,1,0,1,0,0,0,0,0,1,0
"162",0,1,1,1,0,1,1,1,1,1,0,1,0,0,1,0,1,1,1,1,0,1,1,0,0,1,0,1,0,1,1,0,0
"163",1,1,1,1,1,1,1,1,1,1,0,1,1,1,1,1,1,1,1,1,1,1,1,1,1,1,1,1,1,1,1,1,1
"164",0,0,0,0,0,0,1,0,1,0,0,0,0,0,0,0,0,0,0,1,1,0,0,0,0,0,0,0,1,0,0,1,0
"165",0,1,1,0,0,1,0,1,1,0,0,0,0,0,0,0,1,0,1,1,1,1,1,1,1,1,0,0,0,0,0,0,0
"166",1,1,1,1,1,1,1,1,1,0,1,1,0,1,0,0,0,0,0,1,1,1,0,1,0,1,1,0,0,1,1,0,1
"167",0,0,0,1,1,0,0,0,0,0,0,0,0,0,1,0,0,0,1,0,0,0,0,0,0,0,0,0,0,0,0,1,0
"168",1,1,0,1,1,1,1,1,1,1,0,1,1,1,1,1,1,1,1,0,1,0,1,0,1,0,1,1,1,1,0,1,0
"169",1,1,0,1,0,1,1,0,1,1,0,1,0,1,1,0,0,0,1,0,1,0,0,1,1,0,0,NA,NA,NA,NA,NA,NA
"170",1,1,1,1,1,1,1,1,1,1,0,1,1,1,1,1,1,0,1,0,1,0,0,0,1,1,1,0,1,1,0,1,1
"171",1,1,0,1,1,1,1,0,1,1,1,1,0,1,0,1,1,0,1,1,1,0,1,0,1,1,1,0,0,1,1,1,1
"172",0,1,1,1,1,1,1,1,1,1,0,1,0,1,0,0,1,0,1,1,1,0,0,0,1,0,1,1,1,0,0,1,0
"173",1,1,1,1,1,1,1,1,1,1,1,1,1,0,0,0,1,1,1,1,1,1,1,1,1,1,1,1,1,1,1,1,0
"174",1,0,0,0,1,1,0,0,1,0,1,0,0,0,0,0,0,1,0,0,1,1,0,1,0,0,0,0,0,0,0,1,0
"175",1,0,0,1,0,0,1,0,0,0,0,0,0,0,0,0,0,0,1,1,0,0,0,0,0,0,1,0,0,0,0,0,0
"176",0,1,0,0,0,1,1,0,1,0,0,0,1,0,0,0,0,0,0,0,0,1,0,0,0,0,0,0,0,0,1,0,0
"177",1,1,1,0,0,1,1,0,1,0,0,1,1,1,1,0,1,1,1,1,0,0,0,0,1,1,0,0,0,1,1,1,0
"178",0,1,0,0,0,0,0,0,0,0,0,0,0,0,0,0,0,0,0,0,1,0,0,0,1,0,0,0,0,0,0,1,0
"179",0,0,0,0,0,0,0,0,0,1,1,0,0,0,0,0,0,1,0,1,0,0,0,0,0,0,1,0,0,1,0,1,0
"180",1,0,0,0,0,0,0,0,0,1,0,0,1,0,0,1,1,1,1,1,1,0,0,0,0,0,0,0,1,0,0,0,0
"181",1,1,0,0,0,1,0,0,1,0,0,1,1,0,1,0,0,0,0,1,1,0,1,1,1,0,0,0,0,0,1,0,0
"182",1,1,1,1,0,1,1,1,1,1,1,1,1,0,1,1,1,1,1,0,1,0,1,1,1,0,1,0,1,0,1,0,0
"183",1,1,0,1,1,1,1,1,1,1,0,1,1,1,0,1,1,0,1,1,1,0,0,0,1,1,1,1,1,0,1,0,0
"184",0,0,0,NA,1,0,0,0,0,0,1,NA,0,NA,0,NA,NA,NA,0,NA,1,NA,NA,1,NA,NA,NA,NA,NA,NA,NA,NA,NA
"185",0,0,1,0,0,0,1,0,1,0,0,0,0,0,0,0,1,0,0,0,1,0,1,1,0,0,0,0,0,0,1,0,0
"186",0,0,0,1,1,1,0,1,0,1,0,0,0,0,0,0,0,0,0,0,0,0,1,0,0,0,1,0,1,1,1,0,0
"187",1,1,1,1,1,1,1,1,1,1,0,1,0,0,1,0,1,0,0,1,1,0,1,0,1,1,1,0,1,1,1,0,0
"188",1,1,0,1,1,1,1,1,1,1,0,1,1,1,1,0,1,1,1,0,0,0,1,0,1,1,1,0,1,1,0,0,1
"189",0,1,0,1,0,1,0,1,1,0,1,1,0,0,1,0,1,0,0,1,1,0,1,0,0,0,0,0,1,0,0,0,0
"190",1,1,1,1,0,1,0,0,0,0,0,1,0,1,0,0,0,1,1,0,0,0,1,1,1,1,0,0,0,1,0,0,0
"191",0,1,0,0,0,1,1,1,1,0,0,1,0,1,0,0,1,0,1,0,0,0,0,0,0,0,0,0,1,0,1,0,0
"192",0,1,0,0,0,0,0,0,1,1,0,0,1,0,0,1,0,0,0,0,0,0,0,0,1,0,1,0,0,0,0,0,0
"193",0,1,1,1,0,1,0,1,1,0,0,0,1,1,1,0,0,0,1,0,0,0,0,0,0,0,0,0,1,0,1,0,1
"194",1,1,1,1,0,1,0,0,1,1,0,1,0,0,1,0,0,0,0,0,1,0,0,0,1,0,0,0,1,0,1,1,0
"195",0,0,1,1,0,1,1,0,0,1,1,1,0,0,0,0,1,1,1,1,1,1,1,1,1,1,1,1,1,1,1,1,0
"196",0,1,0,1,0,0,0,0,0,0,0,1,0,0,0,0,0,0,1,0,1,0,0,0,0,0,0,0,1,0,0,0,0
"197",1,1,0,0,1,0,0,0,1,1,0,0,1,0,0,0,0,0,0,0,0,0,0,0,0,0,0,1,1,1,0,0,0
"198",0,1,1,0,1,1,0,0,1,1,1,1,0,0,1,0,0,1,0,1,1,0,0,1,1,0,0,1,1,0,1,1,0
"199",1,1,0,1,0,0,0,1,1,0,0,1,1,0,0,0,1,0,0,1,0,1,0,1,1,1,1,1,1,0,0,1,0
"200",1,0,0,1,0,0,1,0,1,1,0,NA,0,0,0,0,0,NA,1,1,1,0,NA,0,NA,0,0,NA,NA,0,NA,1,NA
"201",1,1,0,0,0,1,1,1,1,1,0,0,0,1,1,1,0,0,0,0,1,1,1,0,1,1,1,0,1,1,0,1,1
"202",1,1,0,1,0,1,1,1,1,1,0,1,0,1,1,1,1,1,0,0,1,1,0,1,1,0,0,1,1,1,1,0,0
"203",1,1,1,1,0,1,1,0,1,1,0,1,0,0,1,1,0,0,0,0,0,0,1,1,1,1,1,0,0,0,1,0,0
"204",1,1,1,1,1,1,1,0,1,1,0,1,1,1,1,1,1,1,1,1,1,1,0,1,1,1,0,1,0,1,1,1,1
"205",0,1,0,1,1,0,0,1,0,1,0,0,0,0,0,1,0,0,0,0,0,0,0,1,0,0,1,0,0,1,0,0,0
"206",1,1,0,0,0,0,1,0,1,0,0,0,1,0,1,0,0,0,0,0,0,1,0,1,1,0,1,0,0,0,0,1,0
"207",1,1,1,1,0,1,1,0,1,1,0,1,0,1,1,0,1,1,1,1,1,1,1,1,1,1,1,0,1,1,1,0,0
"208",0,0,0,1,0,NA,NA,1,1,0,1,1,0,0,NA,0,1,NA,0,0,1,1,NA,0,NA,0,1,0,1,0,0,1,0
"209",1,1,1,1,0,1,1,1,1,1,0,1,1,1,1,1,0,0,1,0,1,0,1,0,0,1,1,0,0,0,1,0,0
"210",1,1,1,1,1,1,1,1,1,1,1,1,1,0,0,1,0,1,1,0,0,1,0,0,1,1,1,0,0,1,0,0,0
"211",1,1,1,1,1,1,1,NA,1,1,0,1,1,0,0,0,NA,0,0,0,0,1,NA,1,0,1,1,0,1,1,1,NA,1
"212",1,1,1,1,1,1,1,1,1,1,1,1,1,1,1,0,1,1,1,1,1,0,0,0,0,1,1,1,1,0,0,1,0
"213",1,1,0,1,1,0,1,1,1,0,0,1,1,1,1,1,0,1,0,1,0,0,0,0,1,0,0,0,0,0,0,0,0
"214",1,1,1,1,0,1,1,0,1,1,0,1,0,0,1,0,1,1,1,1,1,1,1,0,0,1,0,0,1,1,0,0,1
"215",1,1,1,1,0,0,1,0,1,1,0,1,1,0,0,1,0,0,0,1,1,0,1,1,1,1,0,0,1,1,1,0,1
"216",1,0,0,0,0,0,0,0,1,0,0,0,1,0,0,0,1,1,1,1,1,0,1,0,1,0,0,0,1,0,1,0,0
"217",1,1,1,1,1,0,0,1,1,1,0,1,1,0,1,0,1,0,1,1,0,0,1,0,1,0,1,0,0,0,1,0,0
"218",1,1,1,1,0,1,1,1,1,1,1,1,1,0,1,0,0,0,0,1,1,0,1,0,0,1,1,0,1,0,0,0,0
"219",0,1,0,1,1,0,0,0,1,1,0,1,1,0,0,1,0,0,0,0,0,0,1,0,0,0,0,0,1,0,0,0,1
"220",0,1,1,1,0,1,1,0,1,1,1,1,1,1,1,0,1,0,1,0,1,0,1,1,0,1,1,0,1,0,1,1,0
"221",0,1,0,1,0,0,1,0,1,1,0,1,1,0,0,0,0,0,0,0,0,0,0,0,0,0,0,0,0,0,0,1,0
"222",0,1,0,0,0,0,1,0,1,0,0,0,1,0,0,1,0,1,0,1,1,0,0,1,0,0,0,0,1,0,0,0,0
"223",1,0,0,0,0,0,1,0,1,0,0,0,0,1,0,0,0,0,1,1,0,0,0,0,0,0,0,0,0,0,1,0,0
"224",1,1,1,1,0,1,1,1,1,1,0,1,0,1,0,1,0,1,0,1,0,1,1,1,1,1,1,0,1,1,0,1,1
"225",0,1,1,1,0,1,0,0,1,1,0,1,0,0,1,0,NA,NA,1,1,1,1,1,0,1,1,0,NA,NA,NA,NA,NA,NA
"226",1,1,0,1,1,1,1,1,1,1,1,1,1,0,0,0,0,1,1,1,1,1,1,1,1,0,0,0,1,0,0,1,0
"227",0,1,0,1,0,0,1,0,1,1,0,0,0,0,0,1,0,0,0,0,1,1,1,1,1,1,0,0,1,1,1,1,0
"228",1,1,1,0,1,1,1,1,1,1,0,1,1,1,1,0,1,0,0,1,1,1,0,0,0,0,1,0,1,0,0,0,1
"229",0,0,1,0,0,1,0,1,1,0,1,1,0,0,1,1,0,0,1,0,0,0,0,0,0,0,1,1,1,0,0,0,0
"230",0,0,1,1,1,1,1,1,1,0,0,0,0,1,0,0,0,0,0,1,0,1,1,0,0,1,0,0,0,0,1,1,0
"231",1,1,0,1,0,1,0,1,1,0,0,0,1,1,0,1,0,0,0,1,0,0,0,0,1,0,1,0,0,0,1,1,0
"232",0,0,0,0,0,0,1,0,1,0,0,0,0,0,1,0,0,0,0,0,0,0,0,0,0,0,0,0,0,0,1,0,0
"233",0,1,0,0,0,0,1,0,1,0,0,0,1,0,0,0,0,1,0,1,1,1,0,0,0,0,0,0,0,0,1,1,0
"234",1,1,0,0,0,0,1,1,0,0,0,0,1,0,0,0,0,1,0,1,0,0,1,1,0,0,1,0,1,0,0,0,0
"235",0,1,1,1,0,1,0,1,1,1,1,1,1,0,1,1,1,0,0,1,1,1,1,1,1,1,1,0,1,1,1,1,1
"236",1,0,0,1,0,0,1,1,1,1,0,1,0,1,0,1,0,0,1,0,0,0,1,1,0,0,0,0,0,0,0,0,0
"237",1,1,0,1,0,1,1,1,1,1,0,0,1,0,0,0,0,1,1,0,1,0,0,1,1,1,1,0,1,0,0,0,0
"238",0,0,0,0,0,0,0,1,1,1,1,0,1,0,0,0,0,1,1,0,0,0,0,0,0,1,0,0,0,0,0,0,0
"239",1,1,1,1,0,1,0,1,0,1,1,0,1,1,1,1,0,1,0,1,1,1,1,0,1,1,1,1,1,1,1,1,1
"240",1,1,1,0,0,0,0,1,1,1,0,0,0,1,0,0,1,0,0,0,1,0,1,0,0,1,0,0,0,0,0,0,0
"241",1,1,1,1,1,0,1,1,1,0,0,1,1,0,1,1,1,0,0,1,0,0,0,1,0,0,0,0,0,0,1,1,0
"242",1,1,1,1,0,1,1,1,1,1,1,1,0,1,1,1,1,1,1,1,1,0,1,1,1,1,1,0,1,1,1,1,0
"243",1,1,1,0,0,1,1,1,1,1,0,1,1,1,1,1,1,0,1,1,1,1,0,0,1,1,1,0,1,1,1,1,1
"244",1,1,1,1,0,1,0,0,1,1,0,1,1,1,0,1,0,1,1,0,1,1,1,1,1,1,1,0,1,1,1,0,1
"245",1,1,0,1,0,0,1,0,1,0,1,1,0,1,0,0,0,1,1,1,0,1,0,0,0,0,0,0,0,0,0,0,0
"246",0,1,0,1,0,0,0,0,1,0,1,0,0,1,1,0,0,1,0,0,1,0,0,0,0,0,0,0,0,0,1,1,0
"247",1,1,1,1,1,0,1,1,1,1,1,1,0,1,1,1,1,1,1,1,1,1,1,1,1,1,1,0,0,1,1,1,1
"248",0,0,0,0,0,0,0,1,1,1,1,1,0,1,0,0,0,0,0,0,1,1,0,0,0,1,0,1,0,0,0,0,0
"249",0,1,0,0,0,0,1,0,1,0,0,0,0,0,0,0,0,0,0,0,1,1,0,1,0,0,0,0,1,0,0,0,0
"250",1,0,1,0,0,0,0,1,1,1,1,0,1,1,0,0,0,1,0,0,1,0,0,1,0,1,0,0,1,0,1,1,0
"251",0,0,1,0,0,0,0,0,1,0,0,0,0,1,0,0,1,0,1,0,1,1,0,1,0,0,0,0,0,0,0,0,0
"252",1,1,0,1,0,0,1,0,1,0,0,0,0,0,0,0,0,0,1,1,0,1,0,0,1,1,0,0,0,0,0,0,0
"253",0,1,0,1,0,1,1,1,1,1,1,1,0,0,1,0,1,1,1,1,0,0,1,1,1,1,0,0,1,1,0,0,1
"254",0,0,0,0,0,0,0,1,1,1,0,0,1,0,1,0,0,1,1,0,0,1,0,1,0,1,0,0,1,1,0,0,0
"255",0,0,0,0,1,1,1,1,1,0,1,1,0,0,1,0,0,1,0,1,1,1,1,1,0,0,0,0,1,1,1,1,1
"256",1,1,0,0,0,1,0,0,1,1,0,0,0,0,0,0,0,0,1,1,0,0,1,0,1,0,0,0,1,0,1,0,0
"257",1,1,1,1,1,1,1,1,1,1,1,1,0,1,1,1,1,0,1,1,1,1,1,0,NA,1,1,0,1,1,0,0,0
"258",1,1,0,1,1,1,1,0,1,1,0,1,1,0,0,0,0,1,1,1,0,0,1,1,1,0,0,0,0,0,0,0,0
"259",0,1,0,0,1,0,0,0,1,0,0,1,1,0,1,1,0,0,0,0,1,1,0,0,1,0,0,0,0,1,1,1,0
"260",1,1,1,1,0,1,1,1,1,1,1,1,0,0,1,1,1,1,1,1,0,1,1,1,1,1,1,1,1,1,0,1,1
"261",0,0,0,1,1,0,0,0,0,0,1,1,0,0,0,0,0,1,0,0,1,1,0,0,0,0,0,0,0,0,0,0,0
"262",0,1,1,0,1,1,0,1,1,0,1,1,0,0,1,0,0,0,0,1,1,1,0,0,1,0,1,0,0,0,1,0,0
"263",1,1,1,0,0,1,1,0,1,1,1,1,0,0,0,1,0,1,0,0,0,1,NA,NA,NA,1,0,0,1,0,0,0,0
"264",1,1,0,1,0,0,0,0,1,0,0,1,0,0,0,0,0,0,1,0,0,0,0,0,0,0,0,0,0,0,1,0,0
"265",0,1,1,1,1,1,0,1,0,1,1,1,1,1,1,0,0,1,0,0,0,0,0,1,1,1,1,1,1,1,1,0,0
"266",1,1,1,0,0,1,1,1,0,1,0,1,0,1,1,0,0,0,1,0,1,1,0,0,1,0,0,0,1,0,0,0,0
"267",1,1,1,1,1,1,1,1,1,1,1,1,0,1,1,0,1,1,1,1,1,1,1,1,1,1,1,0,1,0,1,1,1
"268",0,1,0,0,0,1,0,1,1,0,1,1,1,0,1,0,0,0,1,1,0,1,1,0,0,0,0,0,0,0,0,0,0
"269",1,1,0,1,0,1,1,1,1,0,0,1,0,0,0,1,0,0,0,0,0,0,0,0,0,1,1,0,1,0,1,1,0
"270",0,1,0,1,1,0,0,0,1,0,1,1,0,0,1,0,0,0,0,0,1,0,1,0,0,1,0,0,1,0,0,1,0
"271",1,1,1,1,0,1,0,1,1,1,1,1,1,1,1,1,0,1,1,1,0,1,0,1,1,1,1,0,1,1,0,0,0
"272",1,1,0,1,0,1,1,1,1,0,0,0,1,NA,1,0,0,0,1,1,0,0,0,1,0,0,0,0,0,0,0,0,1
"273",0,1,1,0,1,1,1,1,1,1,1,1,1,0,1,1,1,0,1,1,0,1,1,0,1,1,0,0,1,1,1,0,0
"274",1,1,0,1,0,1,1,1,1,1,0,1,0,1,0,0,0,0,0,1,1,0,0,0,0,1,0,1,0,0,0,0,0
"275",1,1,1,1,1,1,1,1,1,1,1,1,1,1,1,1,NA,1,1,1,1,1,1,1,1,1,1,1,1,1,1,1,1
"276",1,1,0,0,0,0,0,1,0,1,0,0,0,1,0,1,0,0,0,1,0,0,1,0,0,0,0,0,1,1,1,1,0
"277",0,1,1,0,1,0,0,1,1,0,0,1,0,0,1,0,0,0,1,0,0,0,0,0,0,0,0,0,0,0,0,0,0
"278",1,1,1,0,0,1,1,1,1,1,0,0,0,0,0,0,0,1,0,1,0,0,1,1,1,1,1,0,1,1,0,1,1
"279",1,1,1,1,1,1,1,1,1,1,1,1,1,0,0,0,1,1,1,1,0,0,1,1,1,1,1,0,1,1,1,1,1
"280",0,0,0,0,0,0,0,1,1,0,0,0,0,0,1,0,0,0,1,1,1,1,0,0,1,0,1,0,0,0,0,0,0
"281",1,1,1,0,0,1,0,1,1,1,1,1,1,1,1,0,1,1,0,1,1,1,1,1,1,1,1,0,0,0,0,0,0
"282",0,1,0,0,0,0,1,1,1,1,1,0,0,0,0,0,0,0,0,0,0,0,0,1,0,1,0,0,0,0,0,0,0
"283",0,0,0,0,0,0,0,0,1,0,0,1,0,0,1,0,0,0,1,1,1,0,0,0,1,0,0,0,1,0,0,0,0
"284",1,1,1,1,0,0,1,1,1,1,1,1,0,1,0,1,0,1,1,1,1,1,1,1,0,1,0,1,0,1,0,0,0
"285",0,0,0,0,1,0,0,1,0,0,0,1,0,0,1,1,0,1,0,0,0,0,1,1,0,0,0,0,1,0,0,0,0
"286",1,1,1,0,0,1,1,1,1,1,1,1,1,1,1,1,1,1,0,0,1,0,1,0,1,1,1,0,1,1,0,NA,NA
"287",1,0,0,0,0,1,1,0,1,1,1,1,0,0,0,0,0,1,0,0,1,1,1,0,0,1,0,0,0,0,0,1,0
"288",1,1,1,0,0,1,1,1,1,0,0,1,0,0,1,0,1,1,0,1,1,0,1,1,1,0,0,0,0,0,0,0,0
"289",1,1,0,1,0,1,1,0,1,1,1,1,1,1,0,1,1,0,1,0,0,1,1,1,1,0,0,0,1,1,1,1,0
"290",1,1,1,0,1,1,1,1,1,1,1,1,1,0,1,0,1,1,1,1,1,1,1,1,1,1,1,1,1,1,1,1,1
"291",1,1,1,0,0,1,0,0,1,1,1,0,0,0,1,0,0,1,0,1,0,1,1,1,0,1,1,1,1,0,0,0,0
"292",0,1,0,0,0,1,1,0,1,1,1,1,0,0,0,1,0,0,0,1,0,1,0,0,1,1,0,0,0,0,1,0,0
"293",1,1,0,1,0,1,0,1,0,0,1,1,1,0,0,0,0,1,0,0,0,0,0,0,1,0,0,0,1,0,0,0,0
"294",1,0,1,1,0,1,1,1,1,1,1,1,1,1,0,1,1,0,0,0,1,1,1,0,1,1,1,1,1,1,1,0,1
"295",1,1,1,1,1,1,1,1,1,1,0,1,1,1,1,1,1,1,1,1,0,1,1,1,1,1,1,1,0,1,0,1,1
"296",1,1,1,1,0,1,1,1,1,1,0,1,1,1,1,1,1,1,0,0,0,0,1,1,1,1,1,0,0,0,0,0,0
"297",1,0,1,1,1,1,0,1,1,1,0,1,1,1,1,0,1,0,0,1,0,0,1,1,1,1,1,1,0,0,1,1,1
"298",1,1,1,1,0,1,1,1,1,1,0,1,0,1,0,0,0,1,1,1,1,0,1,0,1,1,0,0,0,0,1,0,0
"299",1,1,1,1,0,1,0,1,1,1,0,1,1,1,1,0,1,0,1,1,1,1,1,0,1,1,1,0,0,1,1,1,0
"300",1,1,0,1,1,1,1,1,1,NA,0,1,0,1,0,0,NA,NA,1,NA,0,1,1,1,1,1,1,NA,NA,NA,NA,NA,NA
"301",1,1,1,1,1,1,1,0,1,1,0,1,0,1,1,1,1,1,1,1,1,1,1,1,1,1,1,1,1,1,1,1,1
"302",0,1,1,1,0,0,1,1,1,1,0,1,1,1,1,0,0,0,1,1,1,1,0,1,1,0,0,0,1,1,0,0,0
"303",0,1,0,1,0,0,0,NA,0,0,0,1,0,1,0,0,0,1,0,0,1,0,0,0,0,0,1,1,0,0,0,1,0
"304",1,1,0,0,0,1,1,1,1,0,1,1,0,0,1,0,1,0,1,1,0,1,1,1,1,1,1,0,1,1,0,1,1
"305",1,1,1,1,1,1,1,1,1,1,1,1,1,1,1,1,1,1,1,1,1,1,1,1,1,1,1,1,1,1,1,1,1
"306",1,1,0,0,0,0,0,0,1,0,1,1,0,1,0,0,0,1,1,0,0,0,0,1,0,0,0,0,0,1,0,1,0
"307",0,1,1,1,0,1,1,1,1,1,0,1,1,1,1,0,0,0,1,1,0,0,1,1,0,1,1,0,0,1,0,0,0
"308",0,1,1,0,0,1,0,0,0,1,1,1,0,1,1,0,0,1,0,0,1,0,0,0,1,1,0,0,1,0,0,0,0
"309",1,1,0,1,0,1,0,0,1,1,0,1,0,0,1,0,0,1,0,1,0,0,0,0,0,0,0,0,1,1,1,0,0
"310",1,1,0,0,0,0,0,0,1,1,0,0,0,0,0,0,0,0,1,1,0,0,0,0,1,0,1,0,1,0,0,0,0
"311",1,1,1,0,0,1,1,1,1,1,1,1,0,1,1,1,1,1,0,1,1,1,1,0,1,1,0,0,1,0,0,0,0
"312",1,1,0,0,1,0,0,1,1,0,1,1,0,0,1,0,0,0,1,0,1,1,1,0,0,0,1,0,1,1,0,0,0
"313",0,1,1,1,0,0,1,1,1,1,1,1,0,1,0,0,1,0,1,1,1,0,0,0,0,1,1,0,1,0,0,0,0
"314",1,1,0,0,1,0,0,0,0,1,0,0,0,1,1,0,0,0,0,0,1,0,0,0,0,0,0,0,0,0,0,0,0
"315",1,1,1,1,1,1,1,1,1,1,1,1,0,1,0,0,0,0,1,1,1,1,1,0,1,1,1,0,1,1,1,0,1
"316",1,1,1,0,0,1,0,0,0,0,0,1,0,0,0,0,0,1,0,1,0,1,0,0,1,0,1,1,0,0,0,1,0
"317",1,1,0,0,1,0,1,0,1,0,0,0,1,1,1,0,0,1,0,0,0,1,0,1,1,0,0,1,0,1,1,1,0
"318",0,0,1,0,0,1,0,0,1,0,0,1,0,1,0,0,0,0,0,1,0,0,1,1,0,0,0,0,1,0,0,0,0
"319",1,1,1,1,1,0,1,1,1,1,1,1,1,1,1,1,0,1,1,1,1,1,1,1,1,1,1,0,1,1,1,0,0
"320",0,1,1,0,0,0,1,1,1,1,1,0,0,1,0,0,0,0,1,0,1,1,1,0,0,NA,NA,NA,NA,NA,NA,NA,NA
"321",1,1,1,1,1,1,1,1,1,1,1,1,1,1,1,1,1,1,1,1,1,1,1,1,1,1,1,1,1,1,0,1,1
"322",1,0,0,1,0,0,1,0,1,0,0,0,0,0,1,0,0,1,1,0,0,0,1,0,0,0,0,0,0,0,0,0,0
"323",1,1,1,0,0,0,1,1,1,1,1,1,1,0,0,1,1,0,0,1,1,0,0,1,0,1,1,0,0,0,1,0,1
"324",1,1,1,0,0,1,1,1,1,1,0,1,1,0,1,1,0,0,1,1,1,1,1,1,1,1,0,1,1,1,1,1,0
"325",1,0,1,0,0,0,1,0,1,1,0,0,0,0,0,0,0,0,0,0,0,0,0,0,0,0,0,0,1,0,NA,NA,NA
"326",1,1,0,1,0,1,1,0,1,0,0,0,1,0,0,1,1,1,1,0,0,0,0,0,0,0,1,1,1,0,1,1,0
"327",1,1,0,0,0,0,0,0,1,0,1,1,0,0,1,0,1,1,1,0,0,1,0,0,1,1,1,0,1,0,0,1,0
"328",1,1,0,0,0,0,1,0,1,1,0,0,1,1,0,0,0,1,0,1,0,0,1,0,0,1,1,0,0,NA,0,0,0
"329",0,1,0,1,0,0,0,0,1,0,0,0,0,0,0,0,0,0,0,0,1,0,0,0,0,0,1,0,0,0,0,1,0
"330",1,1,1,0,0,0,1,1,1,1,0,1,0,1,1,0,0,1,0,0,0,1,0,1,0,1,0,0,0,0,1,0,0
"331",1,1,0,0,0,0,0,1,0,0,0,1,0,1,1,0,0,1,0,0,0,1,0,0,0,0,1,0,0,0,0,1,0
"332",1,1,0,1,0,1,1,1,1,1,0,1,0,0,0,0,1,0,1,0,0,0,1,1,0,1,0,0,1,1,1,0,0
"333",1,1,1,0,1,1,1,1,1,1,0,1,1,1,0,0,1,0,1,0,0,1,0,0,1,0,1,0,1,0,1,1,0
"334",1,1,1,1,0,1,0,1,1,1,1,1,0,0,1,1,1,1,1,1,1,1,1,1,0,1,1,0,1,1,1,1,1
"335",1,1,1,1,0,1,1,1,1,0,1,1,0,0,1,0,0,0,1,1,1,1,1,1,1,1,1,1,0,0,0,0,0
"336",1,1,1,0,0,1,1,1,1,0,0,1,0,1,0,0,1,1,0,1,1,1,1,0,1,1,1,0,0,1,1,0,1
"337",1,1,1,1,0,1,1,1,1,1,0,1,1,NA,1,0,0,NA,1,1,1,1,NA,1,1,1,1,0,0,0,1,1,0
"338",1,1,0,0,0,0,1,1,0,0,0,0,0,1,1,0,0,0,0,0,1,1,0,0,1,1,0,0,1,0,0,0,0
"339",0,1,1,1,1,1,1,1,1,0,1,0,1,0,1,0,0,1,1,1,1,0,0,1,0,1,0,0,0,1,0,0,0
"340",1,1,1,1,0,0,0,1,1,0,1,1,1,1,1,0,1,0,0,0,0,1,0,1,1,1,0,0,0,1,1,1,1
"341",1,1,1,1,0,0,0,1,1,1,1,1,0,1,1,1,0,1,0,1,0,1,1,0,1,0,0,0,0,1,1,1,0
"342",0,1,0,0,1,0,0,0,0,1,0,1,0,0,0,0,0,1,0,0,0,0,0,0,0,0,0,0,1,1,0,1,0
"343",1,1,1,1,0,1,1,1,1,1,1,1,1,1,1,0,0,0,1,1,1,1,1,1,1,1,1,1,1,1,0,0,1
"344",1,1,0,1,0,1,1,1,1,0,0,1,0,0,0,1,0,0,0,0,0,0,1,1,1,0,1,1,0,0,0,0,0
"345",1,1,1,1,0,1,1,1,1,1,1,1,0,1,1,0,1,NA,NA,1,0,1,NA,0,1,0,1,NA,NA,NA,NA,1,NA
"346",0,1,1,1,1,0,1,0,1,0,1,1,1,1,1,0,1,1,0,0,1,0,0,0,1,1,0,0,1,1,0,1,0
"347",1,1,0,0,0,0,1,1,1,0,1,1,0,0,0,0,1,1,1,0,0,1,0,1,1,1,1,0,0,0,0,0,0
"348",1,0,1,1,0,1,1,1,1,0,1,1,0,0,1,0,0,1,0,1,1,0,0,0,0,0,0,0,1,0,0,0,0
"349",1,1,0,1,0,1,0,0,1,0,1,1,0,0,1,0,0,1,0,1,0,0,1,0,1,0,1,1,1,0,0,0,0
"350",1,1,0,1,1,1,1,1,1,0,1,1,0,1,1,1,1,1,1,0,1,0,1,1,1,0,1,1,1,0,1,0,0
"351",1,1,0,1,0,1,1,1,1,1,1,1,0,0,1,1,0,1,1,1,1,1,1,1,1,1,1,1,1,1,0,0,0
"352",1,1,0,NA,0,1,1,0,1,1,0,1,0,0,0,0,0,0,1,0,1,0,0,1,1,0,0,0,0,0,1,1,1
"353",0,1,0,0,1,1,1,0,1,1,0,1,0,0,1,0,0,0,1,1,0,0,1,1,0,1,NA,NA,1,0,0,0,0
"354",0,0,1,0,0,0,0,1,0,0,0,0,1,0,0,0,1,0,1,0,0,0,0,0,0,0,1,0,0,0,0,1,0
"355",1,1,1,0,0,1,0,1,1,1,0,1,1,1,1,0,0,0,1,1,0,1,0,0,1,1,1,0,1,0,1,0,0
"356",1,1,1,1,0,0,0,1,1,1,0,1,0,1,0,1,1,0,0,0,0,0,0,0,0,1,0,0,0,0,0,1,1
"357",1,1,1,1,1,1,1,1,1,1,1,1,1,1,0,0,1,1,1,1,1,1,1,1,0,1,1,1,1,0,1,1,1
"358",1,1,1,0,0,1,1,0,1,1,1,0,1,0,1,0,0,0,1,0,0,0,1,0,1,1,0,1,1,0,0,1,0
"359",1,0,0,0,0,NA,1,0,1,1,0,0,1,0,0,0,0,0,0,0,0,0,0,1,0,0,0,0,0,0,1,0,0
"360",1,1,1,0,0,0,1,1,1,1,0,0,0,0,1,0,0,0,1,0,1,0,0,0,0,0,0,1,0,0,1,1,0
"361",0,0,0,0,0,0,1,0,0,1,1,0,1,0,0,1,0,0,0,1,0,0,0,0,0,0,1,0,0,0,0,1,0
"362",1,1,1,1,1,1,1,1,1,0,0,0,0,0,1,0,0,1,1,0,0,0,0,0,1,0,0,0,1,0,0,0,0
"363",1,1,0,1,0,1,0,1,1,0,0,1,0,1,0,0,1,1,0,0,1,1,1,0,1,0,0,0,1,0,0,0,1
"364",1,1,1,1,0,1,1,1,1,1,1,1,1,0,1,0,0,0,1,1,0,1,1,1,1,1,0,1,1,1,1,1,1
"365",0,1,0,0,0,0,1,1,0,0,0,1,0,1,1,0,0,1,1,0,1,1,1,0,1,0,0,0,0,0,1,0,0
"366",1,0,1,1,0,0,1,1,1,1,1,1,1,0,1,1,1,0,1,0,0,0,1,1,0,1,1,0,1,1,1,0,0
"367",0,0,0,0,1,0,0,0,1,0,0,1,1,1,0,0,0,0,1,1,0,0,0,0,0,0,1,0,0,1,0,0,0
"368",1,0,1,1,1,1,1,1,1,1,0,1,0,0,1,0,1,1,1,1,1,1,1,0,0,1,1,0,1,0,0,1,0
"369",1,1,1,1,0,1,1,1,1,1,1,1,1,1,1,1,1,0,0,1,0,1,1,0,1,1,1,0,1,1,1,0,1
"370",1,1,1,1,1,1,1,1,1,1,1,1,1,0,1,0,0,1,1,0,1,1,1,1,1,1,1,0,1,1,1,0,0
"371",0,0,0,0,0,0,0,1,0,0,0,0,0,0,0,1,0,NA,0,0,1,0,0,0,0,0,0,0,1,0,1,1,0
"372",0,1,1,1,1,1,0,1,1,0,0,1,0,1,0,1,0,1,1,1,1,1,1,1,1,1,1,0,1,1,1,1,1
"373",0,1,1,0,0,0,0,0,1,1,0,1,0,0,1,1,1,0,0,1,0,0,1,0,0,0,0,1,1,0,0,0,0
"374",0,1,1,0,0,1,1,1,1,0,1,0,0,0,0,0,0,1,0,1,0,0,0,1,1,1,0,0,0,0,0,0,0
"375",1,1,1,0,1,1,1,1,1,1,0,0,0,1,1,0,0,0,0,1,1,1,0,1,0,1,1,0,1,0,0,0,0
"376",0,1,1,1,0,NA,0,NA,1,1,1,1,0,0,1,1,1,0,1,NA,1,0,0,1,1,NA,0,NA,NA,0,0,0,0
"377",1,1,0,0,0,0,1,0,1,0,0,1,1,0,1,1,0,0,0,1,0,0,0,0,0,0,1,0,1,1,1,0,0
"378",1,0,0,1,0,1,0,1,1,1,1,0,0,0,0,1,1,0,1,1,0,0,0,1,0,1,0,0,1,1,1,1,0
"379",0,1,1,1,0,0,0,1,1,1,1,0,0,0,0,0,0,0,0,1,1,1,0,0,0,0,0,0,1,0,0,0,0
"380",0,1,0,0,0,0,1,1,1,1,1,1,0,0,1,0,0,0,1,0,0,1,1,0,1,0,0,0,0,0,NA,1,NA
"381",1,0,0,1,0,1,0,1,1,0,0,1,0,0,1,0,0,0,1,0,0,0,1,1,0,0,0,0,1,0,0,0,0
"382",0,1,0,0,0,0,1,1,0,1,1,0,0,1,0,0,0,0,1,0,0,0,0,0,0,0,0,1,1,0,1,0,0
"383",1,1,1,1,1,1,1,1,1,1,1,1,1,1,1,0,1,0,1,1,1,1,1,1,1,1,1,1,1,1,1,1,1
"384",0,1,1,1,1,1,1,1,1,1,0,1,0,0,0,1,0,1,0,1,0,1,1,1,1,1,1,0,0,1,1,1,0
"385",0,0,1,1,0,0,1,1,0,1,1,1,0,1,0,0,1,0,0,1,1,0,0,1,0,0,1,0,1,0,0,0,0
"386",1,1,1,1,0,1,1,0,1,0,0,1,0,0,1,0,0,1,0,0,1,1,1,0,1,0,1,0,1,1,1,0,0
"387",1,1,1,1,0,1,1,0,1,1,1,1,1,0,0,1,1,0,1,0,0,1,1,1,1,1,1,0,1,0,1,1,0
"388",0,1,1,1,0,1,0,0,1,1,1,1,1,1,1,1,0,1,0,0,1,0,0,0,1,1,0,1,1,1,1,1,0
"389",1,1,0,0,1,0,0,0,1,1,0,0,0,0,1,0,0,0,1,1,0,0,0,1,1,0,0,0,1,0,0,0,0
"390",1,1,1,1,0,1,1,1,1,1,0,1,0,1,1,1,1,1,0,0,0,0,1,0,1,1,0,0,1,0,0,0,0
"391",1,1,0,1,1,1,0,1,1,1,1,1,1,0,0,1,0,1,0,1,0,1,0,0,1,1,1,0,1,1,0,NA,NA
"392",1,1,1,1,0,1,1,1,1,0,0,1,0,1,1,1,0,1,0,1,0,1,1,1,0,0,1,0,0,1,1,0,0
"393",0,1,0,1,1,1,0,1,1,0,0,0,0,0,0,0,0,1,0,0,0,0,0,0,0,0,0,0,0,0,0,0,0
"394",1,1,0,1,1,1,1,1,1,1,1,1,1,0,1,1,1,1,1,1,1,1,1,0,1,1,1,0,1,0,0,1,0
"395",0,0,0,0,1,0,0,0,0,0,0,0,0,0,0,0,0,0,1,0,0,0,0,0,0,0,0,0,0,0,0,0,0
"396",1,1,1,1,0,1,1,0,1,1,1,1,0,1,1,0,0,1,0,1,1,1,0,0,1,1,1,1,0,1,0,0,0
"397",1,1,1,1,1,1,1,1,1,1,1,1,1,1,0,1,0,1,1,1,1,1,1,1,1,1,1,0,1,1,1,1,0
"398",1,1,0,1,0,1,0,0,1,1,1,1,1,0,1,0,0,1,1,1,0,0,0,1,1,0,1,1,1,1,1,1,0
"399",1,0,0,0,0,1,1,1,1,1,0,0,1,0,0,0,0,1,0,1,0,1,1,0,0,0,1,0,0,0,1,0,1
"400",1,1,1,1,0,0,1,1,1,1,1,1,0,0,1,1,1,0,0,0,0,0,1,0,1,1,0,0,1,1,1,1,0
"401",1,1,0,1,0,1,1,1,0,0,0,1,0,0,0,0,1,0,0,0,0,0,1,0,1,1,1,1,0,1,1,0,0
"402",0,1,0,0,0,0,0,0,1,0,0,1,1,1,0,0,0,1,0,0,0,1,0,0,0,1,0,0,0,1,0,0,0
"403",0,1,0,1,0,1,0,1,1,0,0,1,1,0,0,0,0,1,1,1,0,0,1,1,1,1,0,1,0,1,0,0,1
"404",1,1,1,1,1,1,1,1,1,1,1,1,1,1,1,1,1,1,1,1,1,1,1,1,1,1,1,1,1,1,1,1,1
"405",1,1,1,0,0,1,1,1,1,1,1,1,1,1,1,1,1,0,1,1,1,1,1,0,1,1,1,0,1,1,1,1,0
"406",0,1,1,1,0,0,0,0,0,0,1,1,0,0,1,0,0,0,0,0,0,0,0,0,1,0,0,0,0,1,0,0,0
"407",1,1,1,1,1,1,1,0,0,1,0,1,1,0,0,1,0,1,1,0,1,1,1,0,1,1,1,1,0,1,1,0,1
"408",1,0,1,0,1,1,0,1,1,0,1,0,0,1,1,0,0,0,0,1,0,0,1,1,0,1,0,0,0,0,1,0,0
"409",0,0,1,0,0,0,1,1,1,1,0,0,0,0,0,0,1,0,0,1,0,0,0,1,0,1,0,0,0,0,1,0,1
"410",1,1,1,1,0,1,NA,NA,1,NA,1,NA,NA,NA,1,NA,NA,0,NA,0,0,0,NA,0,NA,1,1,NA,1,NA,NA,0,NA
"411",1,1,1,0,1,1,1,1,0,1,0,1,0,0,1,1,1,0,1,1,1,1,1,1,1,0,0,0,0,1,1,0,0
"412",1,0,0,1,0,1,1,0,1,1,0,1,1,1,1,1,1,1,0,1,0,1,1,0,1,1,1,0,1,0,0,0,0
"413",1,1,1,1,0,1,1,1,1,1,1,1,0,1,1,1,0,1,1,1,1,1,1,1,1,1,1,1,1,1,0,1,1
"414",1,1,1,1,0,1,1,1,1,1,0,1,1,1,1,1,0,0,1,1,0,0,1,1,1,0,0,0,0,1,0,1,0
"415",1,0,1,0,1,1,0,0,1,1,0,0,0,1,0,1,0,0,1,1,0,1,1,0,0,1,0,0,1,0,0,1,0
"416",0,1,0,0,0,0,0,0,0,1,0,1,0,0,0,0,0,0,1,0,0,1,0,0,0,0,0,0,0,1,1,0,0
"417",0,1,0,1,0,0,1,0,1,1,1,1,1,0,1,0,0,0,1,1,1,1,0,0,0,0,0,0,0,1,0,0,0
"418",0,1,1,1,0,1,1,1,1,1,0,1,0,1,1,0,1,1,1,0,1,1,1,1,1,1,1,0,1,1,0,0,1
"419",0,1,1,1,1,1,1,1,1,1,1,1,0,1,1,0,0,0,1,0,1,1,1,1,1,1,0,0,0,0,1,0,0
"420",1,1,0,1,0,1,1,1,1,1,1,1,1,1,1,0,1,0,1,1,0,0,0,1,1,1,1,0,1,1,1,1,0
"421",1,1,1,1,1,1,1,1,1,1,1,1,1,1,1,0,1,0,1,1,1,0,1,1,1,1,1,1,1,1,0,0,0
"422",0,1,1,0,0,0,1,1,1,0,0,1,0,1,0,1,1,1,1,0,1,0,0,0,1,0,0,0,1,0,1,0,0
"423",1,1,1,0,0,1,0,1,1,1,1,1,0,1,0,0,0,0,1,0,0,1,1,0,0,0,1,0,1,1,0,0,0
"424",1,1,1,1,0,0,1,1,1,1,1,1,1,0,1,1,1,0,1,0,1,1,1,1,1,1,1,1,1,1,0,0,1
"425",0,1,1,0,0,1,1,1,1,1,1,1,0,1,1,0,0,1,0,1,1,1,1,0,1,1,1,1,1,0,0,0,0
"426",1,1,1,1,0,1,1,1,1,1,0,0,1,0,0,0,1,0,1,0,0,0,0,0,1,0,0,0,1,1,0,1,0
"427",1,1,0,0,0,0,1,1,1,1,1,0,1,0,1,0,0,0,1,0,1,0,1,0,0,0,0,1,0,1,0,1,NA
"428",0,0,0,0,0,1,0,0,0,0,0,1,0,0,1,1,1,0,0,0,0,0,0,0,0,0,0,0,1,0,1,1,1
"429",0,1,0,1,1,0,0,1,0,1,0,0,0,0,0,0,0,1,1,0,0,1,0,1,0,1,1,0,1,0,1,0,0
"430",1,1,1,1,1,1,1,1,1,1,1,1,1,1,0,1,1,1,1,1,1,0,1,0,1,0,1,1,1,1,1,1,0
"431",1,1,1,1,0,1,1,1,1,1,1,1,0,0,0,1,0,0,1,1,0,1,1,0,0,0,0,0,1,1,0,0,0
"432",1,0,0,1,0,0,0,0,1,0,1,1,0,0,0,0,0,0,0,1,1,0,0,0,1,0,0,0,1,1,0,0,1
"433",1,0,1,1,0,1,0,0,1,0,1,1,0,0,0,1,0,0,0,0,0,0,0,1,0,0,0,1,0,1,0,0,0
"434",0,1,1,1,0,0,0,1,1,0,0,1,0,0,1,0,0,0,0,0,0,1,1,1,0,0,0,0,0,0,0,0,1
"435",1,0,0,0,0,0,0,1,1,1,0,1,0,1,0,0,0,0,0,0,0,1,1,0,0,1,1,0,1,1,0,1,1
"436",1,1,1,1,0,1,1,1,1,1,1,1,0,1,1,1,1,1,1,1,1,1,0,1,1,1,1,1,1,1,1,1,1
"437",0,0,0,0,1,0,0,1,0,1,1,0,1,0,0,0,0,1,0,1,0,1,0,1,0,0,1,0,1,0,0,1,0
"438",0,1,1,1,0,1,0,1,1,1,1,1,1,1,0,0,1,0,1,1,0,0,0,0,0,0,0,1,1,1,0,0,1
"439",1,1,0,1,1,1,1,1,1,1,0,1,0,1,1,1,0,1,1,0,1,1,1,1,1,1,1,0,1,0,1,0,1
"440",1,1,0,1,0,1,1,0,1,1,1,1,1,0,1,1,1,1,0,1,1,0,1,1,1,1,1,1,1,1,1,1,1
"441",0,0,0,0,0,0,1,0,0,0,0,0,0,0,1,0,0,0,0,0,0,0,0,0,1,0,0,0,0,0,0,1,0
"442",1,1,1,1,0,1,1,1,1,1,1,1,0,1,1,0,1,0,0,1,0,1,1,1,1,1,0,1,0,0,NA,NA,NA
"443",0,1,1,0,0,0,0,1,1,1,1,0,0,1,0,1,0,0,0,0,1,1,0,0,0,1,1,1,1,1,1,1,1
"444",1,1,0,1,0,1,1,1,1,0,0,0,0,0,1,0,1,0,1,0,0,0,0,0,0,NA,0,0,0,0,0,0,0
"445",1,1,0,1,0,0,0,1,1,1,0,0,0,0,0,0,0,0,0,1,0,1,0,1,0,1,0,0,1,1,0,1,0
"446",0,0,0,0,0,0,1,1,0,0,0,0,0,0,0,0,0,0,1,1,0,0,0,0,0,0,1,0,0,0,0,0,0
"447",0,1,0,1,0,0,0,0,0,1,0,1,1,0,0,0,0,0,0,1,1,0,0,0,0,0,0,0,1,0,0,1,0
"448",0,1,0,1,0,1,0,1,1,0,0,0,1,1,1,0,0,0,1,0,1,1,0,1,1,0,0,0,0,0,0,0,0
"449",0,1,1,1,0,0,1,1,1,1,1,1,1,0,1,1,0,1,NA,1,0,1,NA,1,1,1,NA,NA,0,1,NA,1,0
"450",0,1,1,0,0,1,1,1,1,0,0,0,0,1,1,1,0,0,0,1,1,0,0,0,0,1,0,0,1,1,1,0,0
"451",1,1,1,1,0,1,0,1,1,1,0,1,1,1,1,1,0,0,1,0,0,1,1,1,0,1,1,1,0,1,0,1,0
"452",1,1,1,0,0,1,0,0,1,1,0,0,0,0,1,0,0,1,1,0,0,1,1,0,1,0,0,0,1,0,0,1,0
"453",1,1,0,1,1,1,1,0,1,1,0,1,0,0,0,1,1,1,1,1,1,0,1,1,0,0,1,0,1,1,1,1,0
"454",1,1,0,0,1,1,1,1,1,1,1,1,0,1,1,0,1,1,0,1,1,0,0,0,1,1,1,0,1,1,1,1,0
"455",1,0,1,0,0,1,1,1,1,1,0,1,0,0,0,0,0,1,1,0,1,0,0,0,0,0,0,0,1,0,1,0,0
"456",1,1,1,1,1,1,1,1,1,1,1,1,1,1,1,1,1,1,1,1,1,1,1,1,1,1,1,1,1,1,1,1,1
"457",0,1,1,1,0,0,1,1,1,1,1,1,1,1,0,0,1,0,0,0,1,1,1,1,0,1,1,NA,1,NA,NA,1,NA
"458",0,0,0,0,0,0,0,0,1,0,0,0,0,0,1,0,0,0,NA,NA,0,NA,NA,0,NA,0,NA,NA,NA,0,0,1,0
"459",0,0,0,0,0,1,0,1,1,0,0,0,0,0,1,1,0,0,0,0,0,0,1,NA,1,0,0,0,0,1,0,0,0
"460",1,1,0,0,0,1,1,1,1,1,1,1,0,0,1,0,0,0,0,1,0,NA,1,0,0,0,0,0,1,0,0,0,0
"461",0,0,0,1,0,1,1,1,1,1,1,0,1,1,1,0,1,0,1,0,0,1,0,0,1,0,1,0,1,0,0,0,0
"462",1,1,0,1,1,1,1,0,1,0,0,1,1,0,1,1,1,0,0,0,0,1,0,0,1,0,1,1,0,1,1,1,0
"463",0,0,0,1,0,1,1,1,1,1,0,1,0,0,0,0,0,1,0,1,0,0,0,1,1,0,0,0,1,1,0,0,0
"464",1,1,0,1,0,1,1,1,1,1,1,1,1,0,1,1,0,1,0,1,1,0,1,0,1,1,0,0,1,1,0,1,0
"465",1,1,0,1,0,1,1,1,0,0,0,1,NA,0,1,0,1,0,1,0,0,1,0,1,1,0,1,0,1,0,0,0,0
"466",1,1,1,1,0,1,0,0,1,1,1,1,0,0,1,1,0,1,1,0,1,1,1,0,0,0,1,1,1,0,1,0,0
"467",1,1,1,1,0,1,0,1,1,1,1,1,0,0,1,0,1,1,1,1,1,0,1,1,1,0,1,1,0,1,0,0,1
"468",1,1,0,1,0,0,0,0,0,0,0,1,1,0,1,1,0,0,0,1,0,0,0,0,0,1,1,0,1,0,0,0,0
"469",1,1,1,1,0,1,1,0,1,1,1,1,1,0,1,0,NA,1,0,1,1,1,1,0,0,0,0,0,0,0,1,0,0
"470",0,1,0,1,0,1,1,0,1,0,0,0,0,1,1,1,0,1,1,0,0,1,0,0,0,0,0,0,1,0,1,0,1
"471",1,1,0,0,0,1,1,1,1,1,0,0,1,1,0,1,0,0,1,0,1,0,0,0,0,0,0,0,0,0,0,0,0
"472",1,1,1,1,1,1,1,1,1,1,1,1,1,1,1,1,1,1,1,1,0,1,1,1,1,1,1,0,1,1,0,0,1
"473",1,1,1,1,0,0,0,0,1,1,0,0,0,0,1,0,1,1,0,1,1,0,0,0,1,1,0,1,1,0,0,0,0
"474",0,1,0,0,0,1,1,1,1,1,0,1,0,0,0,0,1,0,1,0,1,0,0,0,0,0,0,0,1,1,0,0,0
"475",1,1,1,1,0,1,0,1,1,0,0,0,1,0,0,1,0,0,1,0,0,0,1,0,0,1,0,0,0,1,1,0,0
"476",1,1,0,1,1,1,1,1,1,1,0,1,1,1,1,0,0,1,0,1,0,1,1,1,1,0,1,0,NA,NA,NA,NA,NA
"477",1,1,1,1,0,1,1,1,1,1,1,1,1,0,0,0,1,0,0,0,1,1,1,1,1,1,1,1,1,1,1,0,0
"478",1,1,0,0,0,0,0,0,0,1,0,1,0,0,0,0,0,0,0,1,1,0,0,0,1,0,0,0,0,0,0,1,0
"479",1,1,1,1,0,1,0,1,1,1,1,1,1,1,1,0,1,0,0,1,0,1,1,0,1,1,0,0,0,1,0,0,0
"480",1,1,0,0,0,0,NA,NA,1,1,0,1,0,0,NA,1,NA,NA,0,NA,NA,NA,NA,NA,0,NA,NA,NA,NA,0,NA,0,0
"481",1,1,1,1,0,1,1,1,0,0,0,1,0,1,0,1,0,0,0,0,1,1,0,0,1,1,1,1,0,0,0,0,0
"482",1,1,0,1,1,1,1,0,1,1,0,1,0,1,1,1,1,0,1,1,1,0,1,0,1,1,1,0,1,1,1,1,0
"483",1,1,0,0,0,0,1,1,1,1,1,1,1,1,1,0,1,1,0,1,0,0,1,0,0,1,1,0,0,1,1,0,0
"484",0,1,0,0,0,1,1,1,1,0,0,0,0,0,0,0,0,0,0,0,0,0,0,0,0,0,0,0,1,1,0,1,0
"485",0,1,0,0,0,0,0,0,1,0,0,0,0,0,0,0,0,0,0,0,0,0,1,0,1,0,0,0,0,0,1,0,0
"486",0,1,0,0,0,0,1,0,1,0,0,1,0,0,0,0,0,1,0,0,1,0,0,0,0,0,0,0,1,1,1,1,0
"487",0,1,1,1,0,1,0,1,1,1,0,1,0,1,0,0,0,0,0,0,1,0,1,0,0,1,0,0,0,0,0,1,0
"488",1,1,1,1,1,1,1,1,1,1,0,1,1,0,1,1,1,1,1,1,1,1,1,1,1,1,1,1,1,1,1,0,1
"489",1,1,0,1,1,1,1,1,1,0,1,1,1,1,1,0,1,1,1,1,0,1,1,1,0,1,1,0,1,NA,1,0,0
"490",1,1,1,0,0,1,1,1,1,0,0,0,1,0,0,0,0,0,0,1,1,0,1,1,0,1,0,0,0,0,1,0,0
"491",1,1,0,0,0,0,1,1,1,1,0,1,1,0,0,0,0,0,0,0,0,1,0,0,1,0,0,0,1,1,0,1,0
"492",1,1,0,1,0,1,1,0,1,1,0,0,0,0,0,1,1,1,1,1,0,1,1,0,1,1,1,0,1,0,0,0,0
"493",1,0,1,1,0,1,1,1,1,1,0,0,1,1,0,1,1,1,1,1,0,1,0,0,1,0,1,0,0,0,0,0,0
"494",1,1,1,1,0,1,0,1,1,1,1,1,0,1,1,0,0,1,0,1,1,1,1,0,1,1,0,1,1,1,1,0,0
"495",0,1,1,1,0,0,1,1,0,0,0,1,0,1,0,0,0,0,1,1,1,1,0,0,0,0,0,0,0,0,0,0,0
"496",0,1,1,0,0,1,1,0,1,0,0,1,1,1,0,0,1,0,0,1,1,0,0,0,1,0,1,1,0,0,0,0,1
"497",0,0,0,0,1,0,0,0,0,0,0,1,0,0,0,0,0,0,0,0,1,0,0,0,0,0,1,0,1,0,0,0,0
"498",1,1,1,0,0,1,1,0,1,1,0,1,0,0,1,1,1,0,0,1,1,0,1,0,1,0,0,0,0,1,1,0,0
"499",1,1,0,1,0,1,0,0,1,0,0,1,0,0,1,0,1,1,1,1,1,0,0,0,1,0,1,0,1,0,1,0,0
"500",1,1,1,0,0,0,0,0,1,1,0,1,0,0,1,1,1,0,1,0,1,0,0,1,0,0,0,0,1,1,1,1,0
"501",0,0,0,0,0,0,0,0,1,0,0,0,0,0,0,0,0,0,0,0,0,0,0,0,0,0,0,0,0,1,0,0,0
"502",1,1,0,1,1,1,0,1,1,0,0,1,0,1,1,1,1,1,0,1,1,0,1,0,1,1,0,1,1,1,0,0,0
"503",1,0,0,1,0,0,1,0,1,1,0,0,0,0,0,0,0,0,0,1,1,0,0,0,0,1,0,0,0,0,0,0,0
"504",1,1,1,1,1,1,1,1,1,1,1,1,1,0,1,1,0,0,1,0,1,1,1,1,1,1,0,1,1,1,0,1,1
"505",0,1,1,1,0,1,0,1,1,1,0,0,1,0,1,1,0,0,0,1,0,0,0,0,1,0,0,0,1,0,1,0,0
"506",1,1,0,0,0,1,1,0,1,0,0,1,1,0,0,0,0,1,1,0,0,0,1,0,0,0,1,0,0,0,1,0,0
"507",0,0,1,0,0,1,1,1,1,0,1,1,0,0,1,1,0,1,1,1,1,0,1,0,1,0,0,0,1,0,0,0,0
"508",1,1,1,1,0,1,1,1,1,1,1,1,1,1,0,0,1,1,1,1,1,1,1,0,1,1,1,0,1,1,1,0,1
"509",0,0,0,0,1,1,1,1,1,0,0,0,0,1,0,0,0,0,1,1,1,0,1,0,0,0,0,0,0,1,0,0,NA
"510",1,1,0,0,1,1,1,1,1,0,0,1,1,0,0,1,NA,0,0,1,NA,1,0,1,1,0,0,1,0,0,1,1,1
"511",0,1,0,0,0,0,0,1,1,1,0,0,0,0,1,1,1,0,1,0,1,1,1,1,1,0,1,0,1,1,1,0,0
"512",1,1,1,1,1,1,1,1,0,1,1,1,1,0,0,0,1,1,1,0,1,1,0,0,1,0,0,0,1,0,1,0,0
"513",1,1,0,0,1,0,1,1,1,0,0,0,0,0,0,0,0,1,0,1,1,0,0,0,0,0,0,0,1,0,0,1,0
"514",0,0,0,0,0,1,1,0,1,0,0,1,1,0,0,0,0,0,0,0,0,0,0,0,1,0,0,0,0,0,0,0,1
"515",0,1,0,0,0,1,0,1,0,0,1,0,0,0,0,0,0,0,1,0,0,0,1,0,0,0,0,1,1,0,0,0,0
"516",1,1,0,1,1,0,1,0,1,1,0,1,0,1,1,0,1,0,1,0,1,0,0,0,1,0,0,NA,NA,NA,NA,NA,NA
"517",1,0,1,0,0,0,1,1,1,1,0,0,1,1,0,0,0,0,0,0,1,1,0,1,0,0,0,1,0,0,1,1,0
"518",0,1,1,1,0,0,0,1,1,1,1,0,0,1,1,1,1,1,1,1,0,0,1,1,0,0,0,0,0,0,1,0,0
"519",1,1,1,1,0,1,1,1,1,1,1,1,0,1,0,1,1,0,1,1,0,1,0,1,1,1,1,1,0,1,1,0,1
"520",0,1,0,0,1,0,0,0,1,0,0,0,0,0,0,0,0,0,1,0,0,0,0,0,0,0,0,0,0,0,0,0,0
"521",0,1,1,1,0,1,1,1,1,0,0,1,1,0,1,0,0,0,1,0,1,0,1,0,1,1,0,0,1,0,0,0,0
"522",1,1,1,1,0,1,1,0,1,1,0,1,0,0,1,1,1,0,1,1,0,1,0,0,1,1,0,0,1,1,0,1,0
"523",1,1,1,0,0,1,0,1,1,1,0,1,0,1,1,0,0,0,0,0,0,1,1,1,1,1,0,0,0,0,0,1,0
"524",1,1,1,1,0,0,0,0,1,0,0,1,0,0,0,0,1,0,1,0,1,0,0,0,0,0,0,0,0,0,0,0,0
"525",1,1,1,1,0,1,1,1,1,1,1,1,1,1,0,1,1,1,1,1,1,1,1,1,1,1,1,1,1,1,1,1,1
"526",1,1,1,1,0,1,1,1,1,1,1,1,1,0,1,1,0,0,0,1,1,1,1,1,1,1,1,1,1,1,1,0,0
"527",1,1,0,1,0,0,0,0,0,1,0,1,1,0,1,0,0,0,0,1,1,0,1,1,0,1,1,0,0,0,1,1,0
"528",0,0,0,1,0,0,1,1,1,1,0,1,0,0,0,0,1,0,0,1,1,0,0,0,0,0,0,0,1,1,0,1,0
"529",0,1,1,0,0,1,1,1,1,1,0,0,0,0,1,0,0,0,0,1,0,0,1,0,0,0,0,0,1,0,0,1,0
"530",0,0,0,0,0,1,0,0,1,1,0,0,0,0,0,0,0,0,1,1,0,0,0,1,0,0,1,1,0,0,0,0,0
"531",1,1,0,1,0,1,1,0,1,1,1,0,0,1,0,0,1,0,1,1,1,0,0,0,1,1,0,0,0,0,1,1,1
"532",0,0,0,1,0,1,1,0,1,1,0,1,0,0,1,1,0,1,0,1,0,1,0,0,1,1,1,1,1,0,1,1,0
"533",1,1,1,1,0,1,1,1,1,0,0,1,1,1,0,0,0,0,0,1,1,1,1,0,1,1,1,1,0,1,0,1,0
"534",1,1,0,0,0,0,0,0,1,0,1,1,0,0,1,1,0,1,0,0,0,1,1,0,0,0,0,0,0,0,0,0,0
"535",1,0,0,1,1,1,1,0,0,0,1,0,0,0,0,1,0,0,1,0,1,0,0,0,0,0,0,0,0,0,0,1,0
"536",0,1,0,1,0,1,0,1,1,0,1,0,1,1,0,1,0,0,0,1,1,1,0,1,0,0,0,0,1,0,0,1,1
"537",1,1,1,1,1,1,1,1,1,1,1,1,0,1,1,0,0,0,1,1,1,1,1,0,1,1,1,0,1,NA,0,0,1
"538",1,0,0,1,1,0,0,0,0,1,0,0,0,1,0,0,0,1,0,0,0,0,0,0,1,0,0,0,0,0,0,0,0
"539",0,1,1,1,0,0,1,0,1,0,0,1,0,0,1,1,0,0,0,0,1,1,0,1,1,1,1,0,0,1,0,1,0
"540",1,1,1,0,0,0,0,1,1,1,0,0,1,1,0,0,0,0,1,0,0,0,0,0,0,1,0,0,1,0,0,0,0
"541",1,1,0,1,0,0,0,0,1,1,1,1,1,0,1,1,1,1,0,1,1,1,1,1,1,1,1,0,1,0,1,1,0
"542",0,0,0,0,0,1,0,0,1,1,0,1,0,1,0,0,0,0,1,0,0,1,1,1,0,0,0,0,1,0,1,0,0
"543",1,1,0,1,0,0,1,0,1,0,0,1,1,0,0,1,0,0,1,0,0,0,0,1,1,1,0,1,0,0,1,1,0
"544",1,1,1,1,0,1,1,1,1,1,0,1,NA,0,0,0,1,1,NA,NA,0,0,1,1,1,1,1,0,1,1,NA,1,NA
"545",1,0,0,0,0,0,0,1,0,0,0,1,0,0,1,0,0,0,1,0,0,0,0,0,0,0,0,0,0,0,0,0,0
"546",0,1,1,0,0,0,1,0,0,0,0,1,0,0,0,0,0,1,0,0,0,1,0,0,0,0,0,0,0,0,0,1,0
"547",1,1,0,1,0,1,1,1,1,1,0,1,0,1,1,0,0,0,0,0,1,0,0,1,0,1,0,0,0,0,0,1,1
"548",0,0,0,0,1,0,1,0,1,1,0,0,0,0,0,0,0,1,0,1,1,0,0,0,0,1,0,1,0,0,0,0,0
"549",0,1,1,0,0,1,0,1,1,0,0,1,0,0,0,0,0,0,0,0,0,1,0,1,0,1,0,0,0,0,0,0,0
"550",1,1,0,0,0,0,1,1,1,1,0,0,0,0,1,0,0,0,0,0,0,1,0,0,0,1,0,0,0,0,0,0,0
"551",0,1,1,0,0,0,1,0,0,0,0,0,0,1,0,0,0,0,1,1,1,0,1,0,0,0,0,0,0,0,0,0,0
"552",0,1,0,0,0,1,0,0,0,0,1,0,1,0,1,0,0,1,0,0,1,0,0,0,0,0,0,0,1,0,0,1,0
"553",0,1,0,1,0,0,1,0,0,0,0,1,0,0,1,0,0,1,1,1,0,0,1,0,1,0,0,0,1,0,0,0,0
"554",1,1,0,0,0,1,0,0,0,0,0,0,0,0,0,0,1,1,0,1,1,1,0,0,1,0,1,0,1,0,1,0,1
"555",1,1,1,1,1,1,1,0,1,1,1,1,0,1,0,0,1,0,0,1,1,1,1,0,1,1,1,1,1,0,1,1,0
"556",1,1,1,1,0,1,1,1,1,1,1,1,0,0,1,0,0,0,NA,1,0,1,NA,NA,NA,1,1,NA,NA,1,NA,0,NA
"557",1,0,1,0,0,1,1,0,1,0,0,1,0,0,0,0,1,0,1,1,0,0,0,0,0,1,1,1,1,0,1,0,0
"558",1,1,0,1,0,1,1,1,0,1,0,1,0,0,1,0,0,0,1,1,1,0,0,0,1,1,1,0,0,0,0,0,0
"559",1,1,1,1,0,0,1,1,1,1,0,1,0,0,1,0,1,0,0,1,1,1,0,1,0,1,1,0,0,0,1,0,1
"560",0,0,1,1,1,0,0,0,1,0,0,1,0,0,0,0,0,0,1,0,1,0,0,0,0,0,0,1,0,0,0,0,0
"561",0,1,0,0,1,0,0,1,0,0,0,0,0,0,0,0,0,0,0,0,0,0,0,0,0,0,0,0,0,0,0,0,0
"562",1,1,0,1,1,1,1,0,1,1,1,1,0,1,0,1,1,1,1,1,1,1,1,0,1,0,0,0,1,1,1,0,0
"563",1,1,1,1,1,1,1,1,1,1,1,1,1,1,1,1,1,1,1,1,1,1,1,1,1,1,1,1,1,1,0,1,1
"564",1,0,1,0,0,1,0,0,1,0,0,1,0,0,1,0,0,1,1,0,1,1,0,0,1,0,0,0,0,0,1,0,0
"565",1,1,1,1,1,0,1,1,1,1,0,0,1,1,0,0,1,0,1,1,0,0,0,0,1,1,1,0,1,1,0,0,1
"566",1,1,0,0,0,1,1,1,1,1,1,1,1,1,1,0,1,1,1,1,1,0,0,0,0,1,1,1,1,0,0,0,0
"567",0,1,1,1,0,0,1,1,1,1,1,1,0,1,1,0,1,0,0,1,0,1,1,0,0,1,1,0,0,0,1,1,0
"568",1,1,0,0,0,0,0,0,1,0,0,1,0,1,1,0,0,1,1,0,1,1,0,0,1,0,0,0,0,0,1,1,1
"569",1,1,1,1,0,0,0,1,1,0,1,0,1,1,1,0,1,1,0,0,0,0,0,0,1,0,0,0,1,0,0,0,0
"570",0,0,1,NA,NA,1,1,1,1,1,1,1,0,1,1,1,0,NA,1,NA,1,NA,1,1,1,1,1,0,1,1,1,NA,1
"571",1,1,0,0,0,1,0,1,1,0,0,1,1,0,0,0,1,1,0,0,0,1,0,1,1,1,0,0,1,1,0,0,0
"572",0,0,0,1,1,1,1,1,1,0,0,0,0,0,0,0,0,0,1,0,0,0,NA,NA,NA,NA,1,NA,0,NA,NA,NA,NA
"573",1,1,1,1,0,0,1,1,1,1,1,1,1,1,1,1,1,0,1,1,1,1,1,1,1,1,1,1,1,1,0,1,1
"574",0,0,1,0,1,1,0,0,1,1,0,0,0,1,0,0,0,0,0,1,0,0,1,0,1,0,1,0,0,0,0,0,0
"575",1,1,1,0,1,1,1,1,1,1,1,1,0,0,1,1,0,1,1,1,1,1,1,1,1,1,0,0,1,1,1,1,0
"576",1,1,0,0,0,1,1,1,1,1,1,0,0,0,0,0,0,1,0,0,0,0,1,0,0,0,1,0,0,0,0,0,0
"577",1,0,0,0,0,0,1,0,1,0,1,1,1,0,0,0,0,0,0,0,0,1,0,0,0,1,0,0,1,0,0,0,1
"578",1,1,0,0,0,0,0,0,1,1,0,1,0,0,1,1,0,0,0,0,1,0,0,0,1,0,0,0,1,0,1,0,0
"579",1,1,0,0,1,0,0,1,1,0,0,0,0,1,0,0,0,1,1,0,1,0,0,1,0,0,0,0,0,1,1,0,0
"580",1,0,1,1,1,0,1,1,1,1,1,1,1,1,1,0,0,1,1,1,1,0,1,1,1,1,1,1,1,1,1,0,1
"581",1,1,1,1,0,1,1,0,1,0,0,0,1,0,1,0,0,0,0,1,1,0,1,1,1,0,1,0,1,0,0,0,0
"582",0,1,1,1,0,1,0,1,1,0,0,1,0,1,1,0,1,0,1,1,1,1,0,1,1,1,1,1,0,1,1,0,0
"583",1,1,1,1,1,1,1,1,1,1,0,1,1,1,0,0,1,0,0,0,0,1,1,1,1,1,1,1,0,1,0,1,0
"584",1,1,1,0,1,1,0,0,1,1,0,1,1,1,1,1,1,1,0,1,0,0,0,1,1,0,0,0,0,0,1,0,0
"585",1,1,0,1,0,1,1,1,1,1,1,0,0,0,1,1,0,0,1,0,1,0,1,0,1,1,0,0,0,1,1,0,1
"586",1,0,0,0,0,1,0,0,1,0,0,0,0,0,0,0,0,0,0,0,0,1,0,0,0,0,0,1,0,0,0,0,0
"587",0,1,0,1,0,1,1,1,1,0,0,1,1,1,1,0,0,0,0,1,0,0,1,1,1,0,1,1,1,1,0,0,0
"588",0,1,0,0,0,0,1,0,1,1,0,0,1,0,0,0,0,0,1,0,1,0,0,1,0,0,1,0,0,1,1,1,1
"589",0,1,0,0,0,0,1,0,1,1,0,1,1,1,0,1,1,0,0,0,0,0,0,0,0,1,1,0,1,0,1,0,0
"590",0,1,0,0,0,1,0,0,0,0,0,1,0,0,1,0,0,1,0,0,1,1,0,0,0,0,0,1,NA,NA,0,NA,NA
"591",0,1,1,1,0,0,1,1,1,0,1,1,0,0,1,0,0,1,0,1,1,1,1,1,1,1,1,0,1,0,1,0,0
"592",1,1,1,1,0,1,0,1,1,1,0,1,0,1,1,1,0,1,1,1,0,0,1,1,0,1,1,1,0,1,0,0,0
"593",0,0,1,0,0,0,0,1,1,0,0,1,0,0,0,0,1,1,0,0,1,1,1,0,1,1,0,0,0,0,1,1,0
"594",0,1,1,1,0,0,1,0,1,0,1,1,0,1,1,0,0,0,1,1,1,1,1,0,0,0,0,0,1,1,1,0,0
"595",1,0,0,0,0,1,0,1,1,1,0,1,0,0,1,0,0,0,0,0,0,0,1,1,1,1,0,0,1,1,1,0,0
"596",1,0,0,1,0,1,0,0,1,1,0,1,0,0,1,0,0,1,1,0,0,0,1,1,0,0,1,1,1,0,0,1,1
"597",1,1,1,1,1,1,1,1,1,1,1,1,0,0,1,1,1,1,0,1,NA,1,0,1,NA,1,1,NA,NA,1,1,NA,0
"598",1,1,1,1,0,1,1,1,1,1,0,1,1,0,1,1,0,1,1,1,1,1,1,1,1,1,1,0,1,0,1,1,1
"599",0,1,0,0,0,0,0,0,1,1,1,1,1,0,1,0,0,0,0,1,1,0,1,0,0,1,1,0,1,0,0,0,0
"600",0,0,0,0,0,1,1,0,1,0,1,1,0,0,0,0,0,0,1,1,1,0,0,0,1,1,0,0,0,0,0,0,1
"601",1,1,0,1,0,0,1,1,1,1,0,1,0,0,1,0,0,0,0,0,0,0,0,1,0,1,0,0,0,NA,NA,NA,NA
"602",1,1,0,1,0,0,1,1,0,1,0,0,0,0,1,0,0,0,1,0,1,0,0,1,0,0,0,0,1,0,0,0,0
"603",0,1,1,0,0,1,0,0,1,1,1,1,0,0,1,0,0,0,0,1,0,1,1,0,0,1,1,0,1,0,0,0,0
"604",1,1,1,1,1,1,1,1,1,1,1,1,1,1,1,1,1,0,1,1,1,1,1,1,1,1,1,0,1,1,1,0,0
"605",0,0,0,0,0,0,0,0,0,1,0,1,0,0,0,1,0,0,0,0,0,1,0,1,1,0,1,0,0,0,0,0,1
"606",0,1,1,1,0,1,1,1,1,1,1,1,1,1,0,0,1,1,1,1,1,0,1,0,1,1,1,0,0,0,0,0,0
"607",0,1,1,1,0,1,1,1,1,0,1,1,1,0,1,1,1,0,0,1,1,1,0,1,1,1,0,0,1,1,1,0,1
"608",1,1,1,1,1,0,1,0,1,1,1,1,0,1,1,0,1,1,0,1,1,1,1,0,1,1,0,0,1,1,1,1,1
"609",1,1,0,1,1,1,0,0,1,1,1,1,0,0,0,0,0,0,0,0,0,0,1,0,NA,0,0,0,0,0,0,1,NA
"610",1,0,1,1,0,1,1,1,1,1,0,1,0,1,0,0,1,1,0,0,0,0,1,1,1,1,1,1,1,1,0,0,0
"611",1,1,1,0,0,1,1,0,1,1,1,1,1,1,1,1,1,1,0,0,1,1,1,0,1,1,1,1,1,1,0,0,1
"612",0,0,1,0,0,1,1,1,1,1,0,0,0,1,1,1,0,0,1,1,1,1,1,1,1,1,0,1,1,0,1,0,0
"613",0,0,1,1,0,0,1,0,1,1,0,1,1,0,0,1,0,0,0,1,1,1,0,1,0,1,0,0,0,1,1,0,0
"614",1,1,1,1,0,1,1,1,1,1,1,NA,0,0,0,1,1,1,0,1,1,0,1,1,1,1,1,1,1,1,0,0,1
"615",0,1,1,0,0,0,0,0,0,1,1,1,0,0,1,0,0,0,1,0,1,0,NA,1,0,0,1,0,0,0,0,0,0
"616",1,1,1,0,0,1,0,1,1,1,0,1,0,1,0,1,0,0,1,0,1,1,0,1,1,1,0,0,0,1,0,0,0
"617",1,1,NA,0,0,1,1,0,1,0,1,1,0,0,1,1,NA,NA,NA,1,0,NA,NA,0,NA,NA,NA,NA,NA,NA,NA,NA,NA
"618",0,1,0,0,0,0,0,1,0,1,0,0,0,0,1,0,0,1,0,0,1,1,0,0,0,0,0,1,0,0,0,0,0
"619",1,1,0,1,0,0,0,0,1,0,0,1,0,1,1,0,0,0,0,0,1,0,0,0,1,0,1,0,1,0,0,1,0
"620",1,1,1,0,0,1,1,0,1,0,0,1,0,0,1,0,0,1,0,1,0,1,1,0,0,0,1,0,1,0,0,1,0
"621",0,1,1,0,0,1,1,1,1,1,0,1,0,0,0,1,0,0,0,1,1,1,1,1,1,1,1,1,1,1,1,1,0
"622",0,1,1,0,0,1,1,1,1,0,0,1,0,0,0,0,0,1,0,1,1,1,NA,1,1,0,0,0,0,0,0,1,0
"623",1,1,0,0,0,1,0,0,1,1,0,0,0,0,0,0,0,1,0,1,1,1,1,0,1,0,0,0,0,0,0,0,0
"624",1,1,1,1,0,0,0,1,1,1,0,0,0,0,0,0,0,0,0,0,0,1,0,1,1,1,0,1,1,1,0,1,1
"625",1,1,1,1,1,1,1,0,1,1,1,1,1,0,0,0,1,1,1,1,1,1,0,0,0,1,0,0,1,1,1,0,0
"626",1,1,1,0,0,1,1,0,1,1,0,1,0,0,0,0,1,1,0,1,0,1,1,0,0,0,1,1,1,1,1,0,0
"627",1,1,1,1,1,1,1,1,1,1,0,1,1,1,1,0,1,0,1,0,1,1,1,1,0,1,1,0,1,1,1,1,0
"628",1,1,1,1,1,1,1,1,1,1,0,1,1,1,0,1,0,0,0,1,1,1,1,1,1,1,1,1,1,1,1,0,0
"629",1,1,0,0,0,1,0,0,1,1,1,1,0,0,0,0,1,0,1,0,1,1,0,0,0,1,1,0,1,1,1,1,0
"630",0,0,1,0,0,1,0,1,1,0,0,1,0,0,0,1,0,0,1,1,0,1,1,0,0,1,1,0,1,1,1,0,0
"631",1,1,0,1,0,1,1,1,1,0,0,1,0,1,1,0,0,0,1,0,0,0,1,1,1,0,0,0,0,0,0,1,0
"632",1,1,0,1,0,1,1,0,1,0,1,1,0,0,1,1,0,0,0,1,1,0,0,0,0,1,0,0,0,0,0,0,0
"633",0,0,0,0,0,1,0,0,0,0,0,1,0,0,0,0,0,0,0,1,0,1,1,0,0,0,1,0,1,1,0,0,0
"634",0,0,0,0,1,1,1,0,1,1,1,1,1,0,0,1,0,0,0,1,0,0,0,0,0,1,1,0,1,1,0,0,0
"635",1,1,1,0,0,1,0,1,0,1,0,1,0,0,0,0,0,0,0,0,0,0,1,0,1,0,0,1,1,1,0,0,0
"636",0,0,1,0,1,0,1,1,0,0,0,0,0,0,0,0,0,0,1,0,0,1,1,0,0,1,0,1,0,0,0,0,1
"637",0,0,1,1,0,0,1,1,1,0,0,1,1,1,0,0,0,1,0,0,1,1,0,0,0,1,1,0,0,0,1,1,0
"638",1,1,0,1,0,1,1,0,1,1,0,0,0,0,0,0,0,0,1,0,1,0,1,0,0,1,1,0,0,0,1,0,0
"639",1,1,1,1,0,1,1,1,1,1,0,1,0,1,1,1,0,1,0,1,0,1,0,1,1,0,0,0,0,1,0,0,0
"640",1,1,1,1,0,1,1,0,1,1,1,0,1,1,1,1,0,0,0,1,0,1,0,0,1,1,0,0,0,0,0,0,1
"641",0,1,0,1,0,0,1,1,1,1,1,0,0,0,0,0,1,1,1,0,0,1,1,0,1,0,1,0,0,0,1,1,0
"642",0,1,0,0,0,0,1,0,1,1,1,1,0,0,0,1,0,1,0,1,0,0,0,0,1,0,0,1,1,0,1,0,0
"643",1,1,1,1,1,1,1,1,1,1,1,1,1,0,1,1,1,0,1,0,1,1,1,1,1,1,0,1,1,1,1,0,1
"644",1,1,0,0,0,0,0,0,0,0,1,0,0,0,0,0,0,1,0,0,0,1,0,0,0,1,0,0,0,0,0,0,0
"645",1,1,1,1,0,1,1,1,1,1,1,1,1,0,0,1,1,0,0,1,1,1,1,1,1,0,1,0,1,0,1,0,0
"646",0,1,1,1,0,0,0,0,1,0,0,0,0,1,0,0,0,0,1,0,1,0,0,0,0,0,1,0,0,0,1,0,0
"647",0,1,0,0,0,1,0,1,1,0,0,1,0,1,0,0,0,0,0,1,0,0,1,1,1,0,0,0,0,0,0,0,0
"648",1,0,1,1,1,1,0,1,1,0,1,1,1,0,0,1,0,0,1,1,1,1,1,1,1,0,1,1,1,0,0,0,0
"649",1,1,0,0,0,1,0,1,1,1,0,1,1,1,1,0,0,0,1,0,0,0,1,1,1,0,0,0,0,0,0,1,0
"650",1,1,0,0,0,1,0,1,0,0,0,0,0,0,1,0,0,0,0,1,0,1,1,1,0,0,0,0,0,0,1,1,0
"651",0,0,0,0,0,0,0,1,1,1,0,1,0,0,1,0,0,1,1,1,0,1,0,0,0,0,0,1,0,0,0,0,0
"652",1,1,1,1,0,1,1,1,1,1,1,1,1,1,1,0,0,0,1,1,0,1,1,1,1,1,1,0,1,1,0,0,0
"653",0,1,1,1,0,0,0,1,1,1,0,1,0,1,1,1,0,0,0,1,1,0,1,0,1,1,1,0,1,1,1,0,0
"654",1,1,0,0,0,0,0,1,1,0,0,1,0,1,0,1,0,0,0,0,1,1,0,1,0,0,0,0,1,0,0,0,0
"655",0,1,1,1,0,0,1,0,1,1,0,0,0,0,1,0,0,0,0,0,1,1,0,0,0,0,0,0,1,1,1,1,0
"656",0,1,0,1,1,0,1,NA,1,1,0,0,1,0,NA,NA,NA,0,0,0,NA,NA,0,NA,0,NA,0,NA,1,NA,NA,NA,0
"657",1,1,0,1,1,1,1,1,1,1,0,1,0,0,1,0,0,NA,NA,NA,NA,NA,NA,NA,NA,1,NA,NA,NA,NA,NA,NA,NA
"658",1,1,0,1,0,1,1,1,1,1,0,0,0,0,0,0,0,0,1,0,1,0,1,0,0,0,0,0,1,0,0,0,0
"659",0,1,1,0,0,1,1,1,1,0,1,0,0,0,1,1,0,1,0,0,0,0,0,1,0,1,0,0,0,1,1,0,0
"660",0,1,0,1,1,1,0,1,0,0,0,1,0,0,1,0,0,0,1,1,1,0,1,1,0,0,0,1,0,0,0,0,0
"661",1,1,1,1,0,1,1,1,1,1,0,1,1,1,1,1,1,0,0,1,1,1,1,0,1,1,1,0,0,0,0,1,1
"662",1,1,1,1,0,1,0,1,1,0,1,1,0,0,1,0,1,0,0,0,1,1,0,1,0,1,0,1,1,0,0,0,0
"663",1,1,1,1,0,1,1,1,1,1,0,1,0,0,1,0,0,1,0,0,0,1,1,0,1,1,1,0,1,1,1,0,1
"664",0,0,0,0,0,0,1,0,0,0,0,0,0,0,0,0,0,0,0,0,0,1,1,1,1,1,1,0,0,1,1,0,0
"665",1,1,0,0,0,1,0,0,1,0,0,0,0,0,0,0,0,1,0,0,1,0,0,0,0,0,1,0,0,0,1,1,0
"666",1,1,1,0,0,0,0,1,0,0,0,0,0,0,0,0,0,0,0,1,0,0,1,0,0,0,0,0,0,0,0,1,1
"667",0,0,0,1,1,1,1,1,1,1,0,1,0,1,0,1,1,1,1,1,1,0,0,1,1,1,1,1,1,0,1,1,0
"668",1,1,0,1,1,1,1,1,1,1,1,1,1,0,1,0,1,1,1,1,1,0,1,1,1,1,1,1,0,1,1,0,1
"669",1,1,1,0,0,1,1,0,1,0,0,1,0,0,1,1,0,1,0,0,0,1,1,1,0,0,1,1,1,1,1,0,0
"670",1,1,1,1,0,1,0,0,1,1,0,0,1,0,1,0,0,1,0,1,0,0,1,0,0,0,0,0,1,0,0,0,0
"671",0,1,0,0,0,0,0,0,1,0,0,1,0,0,1,0,0,1,0,0,1,1,0,0,0,0,0,0,0,0,1,1,0
"672",1,0,0,1,0,0,1,1,1,1,1,1,1,1,0,0,0,0,1,0,1,0,0,1,1,0,NA,1,0,NA,NA,NA,0
"673",0,1,1,0,0,0,1,1,1,1,0,1,0,0,1,0,0,0,1,0,1,0,0,1,1,0,0,0,1,0,1,1,0
"674",1,1,1,0,0,1,1,1,1,0,1,0,0,1,1,1,1,1,0,1,1,1,1,1,0,1,1,NA,NA,NA,NA,NA,NA
"675",1,1,0,1,1,1,0,0,1,1,1,1,1,0,1,1,1,0,1,0,1,1,1,1,1,1,0,0,1,1,0,1,0
"676",1,1,1,0,1,1,1,1,1,NA,1,0,0,0,1,1,0,0,1,0,0,0,0,0,1,0,0,NA,1,0,0,1,0
"677",1,1,1,1,1,1,1,0,1,0,1,1,0,0,0,1,1,0,1,0,1,1,NA,0,1,1,1,1,1,1,1,1,0
"678",1,0,1,NA,0,NA,1,NA,1,0,0,1,NA,NA,0,0,NA,NA,0,1,0,NA,NA,NA,NA,1,0,1,NA,1,0,NA,1
"679",1,1,1,1,1,1,1,1,1,1,0,1,1,1,1,1,0,1,1,1,0,1,1,1,1,1,1,1,1,1,0,1,0
"680",0,1,0,1,0,1,1,1,1,0,0,1,0,0,0,0,1,1,1,1,0,1,1,0,0,0,0,0,1,0,1,1,0
"681",1,1,1,1,0,1,1,0,1,1,1,1,0,1,1,1,1,0,1,1,0,1,1,0,0,1,1,0,1,1,1,1,0
"682",1,1,1,1,1,1,1,1,1,1,1,1,1,1,1,1,1,1,1,1,1,1,1,1,1,1,1,1,1,1,1,0,1
"683",1,1,1,1,0,1,0,1,1,1,0,0,0,1,1,1,0,1,0,1,1,1,1,1,1,0,1,1,1,0,1,0,0
"684",1,0,0,0,0,1,1,1,1,0,1,0,0,1,1,1,0,0,0,1,0,1,1,1,1,0,0,0,0,0,0,0,0
"685",1,0,1,0,0,1,0,1,1,1,0,0,0,0,0,0,0,1,1,1,0,0,0,0,0,0,0,0,1,0,1,0,0
"686",0,1,1,1,1,1,1,1,0,1,0,1,0,1,1,0,0,1,0,0,1,0,1,1,1,1,0,0,1,0,0,1,0
"687",1,1,1,0,1,1,1,1,1,1,1,1,0,0,0,1,0,0,1,1,1,1,1,1,0,1,1,1,1,1,1,1,0
"688",1,1,1,0,1,1,1,0,1,0,0,1,1,0,1,0,1,1,0,1,0,0,1,0,1,1,0,1,0,0,1,1,1
"689",1,1,0,1,1,1,1,1,0,1,1,0,1,0,1,1,1,0,1,1,1,1,1,1,0,0,1,0,1,0,1,0,NA
"690",1,1,1,1,0,1,0,1,1,1,1,1,0,0,1,0,0,0,0,1,1,1,1,0,0,1,1,0,1,1,0,1,1
"691",0,1,1,1,0,0,1,0,1,1,0,1,0,0,0,1,0,NA,1,0,0,1,NA,0,0,1,1,1,1,0,0,1,1
"692",1,1,1,1,1,0,1,0,1,0,1,1,1,0,1,1,0,0,1,1,0,1,1,1,1,1,0,0,1,1,1,1,1
"693",1,1,1,0,1,1,0,0,1,1,0,1,1,0,0,0,1,1,0,1,1,1,1,0,1,1,0,1,0,0,1,0,0
"694",1,0,1,1,0,1,1,0,1,0,1,1,0,1,0,1,1,1,0,1,0,0,1,1,1,1,0,0,1,1,0,0,0
"695",1,0,1,0,0,1,0,1,1,0,0,0,0,1,0,1,0,1,0,0,0,0,0,0,0,0,0,1,1,0,1,0,0
"696",0,0,1,1,0,0,0,1,1,1,0,1,0,0,0,0,1,0,1,1,0,1,0,1,0,0,0,1,1,1,0,0,0
"697",1,1,1,0,1,1,0,0,1,1,0,1,1,0,0,0,0,1,1,1,0,1,1,0,0,1,1,1,1,1,1,0,1
"698",1,1,1,1,1,1,1,0,1,1,1,1,1,0,1,1,1,1,1,1,1,1,1,1,1,1,1,0,1,1,1,0,0
"699",0,0,0,1,0,0,0,0,1,1,0,1,0,0,0,0,1,1,1,1,0,0,0,0,0,0,0,1,1,0,0,0,0
"700",1,0,1,1,0,1,0,1,1,1,1,1,1,1,0,0,1,1,0,1,1,1,1,1,1,1,1,0,1,1,1,1,0
"701",1,1,1,0,0,1,1,1,1,1,0,1,1,0,0,1,0,1,1,1,1,1,1,1,1,1,1,0,0,1,1,1,0
"702",0,1,0,1,1,1,0,0,1,0,0,0,1,1,0,0,0,1,0,0,0,0,0,0,0,0,0,0,1,0,0,0,0
"703",1,1,1,1,1,1,1,0,1,1,1,1,1,0,1,1,1,1,1,1,1,1,1,1,1,1,1,1,1,1,0,1,0
"704",1,1,0,0,1,1,0,0,0,0,0,1,0,1,0,0,0,1,1,1,0,0,0,1,1,0,0,0,1,1,0,0,0
"705",1,1,1,1,1,0,0,1,0,1,1,0,0,1,1,0,0,0,0,1,1,1,1,0,0,0,0,0,0,0,0,0,0
"706",0,0,0,1,0,0,0,1,0,0,0,0,0,0,0,0,1,1,0,0,0,0,0,1,0,1,0,0,0,0,0,0,0
"707",1,1,1,1,0,1,1,1,1,1,0,1,1,1,0,1,1,1,1,1,1,1,1,1,1,1,1,0,1,1,1,0,1
"708",1,1,1,1,1,0,1,1,1,1,1,1,0,1,1,1,1,0,1,1,1,1,1,1,1,1,1,1,0,1,0,0,0
"709",1,1,1,0,0,1,1,0,1,1,0,1,0,1,0,1,0,1,1,0,0,1,1,0,0,0,0,1,1,1,1,0,0
"710",1,0,0,0,0,1,0,0,1,0,1,0,1,1,0,1,1,0,0,0,0,0,1,0,0,0,0,0,1,1,0,1,0
"711",1,1,1,1,0,1,1,1,1,1,0,1,0,1,1,1,1,1,1,1,1,0,1,1,1,0,0,1,1,1,0,0,1
"712",1,0,0,0,0,0,0,0,1,0,0,1,0,0,0,0,0,1,0,0,0,1,0,0,0,0,0,0,1,1,0,1,0
"713",0,1,1,0,1,0,0,0,0,0,0,0,0,0,1,1,0,0,1,0,0,0,0,0,0,0,0,0,0,1,0,0,0
"714",0,1,0,0,0,0,1,1,1,0,0,1,0,1,0,0,1,0,1,1,0,1,0,1,0,0,0,0,0,0,0,1,0
"715",0,1,0,1,0,0,0,0,1,0,0,0,0,1,1,0,0,0,0,0,0,1,1,0,0,0,0,0,1,0,1,0,0
"716",1,1,1,1,1,1,0,1,1,1,1,1,1,1,1,1,0,1,0,1,1,1,1,0,1,1,1,1,1,1,0,0,0
"717",0,1,0,1,0,0,0,0,1,1,1,1,0,0,0,1,0,1,0,0,0,0,0,0,0,1,0,0,0,0,0,1,0
"718",1,1,1,1,0,1,1,1,1,1,1,1,1,0,0,0,0,0,1,1,1,1,1,1,1,1,0,0,0,0,1,0,0
"719",0,0,0,0,1,0,0,0,1,1,0,0,0,1,0,0,0,0,0,0,0,0,1,0,0,0,0,0,1,0,0,0,0
"720",0,1,0,1,0,1,1,1,0,0,1,1,0,0,1,0,0,1,1,0,0,1,1,0,0,1,0,1,1,0,0,0,0
"721",0,0,0,0,0,0,1,0,1,1,0,0,0,0,0,1,0,0,1,0,1,1,0,1,0,0,1,0,0,1,1,1,0
"722",1,1,1,1,0,1,0,1,1,1,1,1,0,1,0,0,0,0,0,1,0,1,1,1,0,0,0,0,1,NA,0,0,0
"723",1,1,1,1,0,NA,1,1,1,1,0,1,0,0,1,0,1,1,0,1,0,1,0,0,1,1,1,0,1,0,1,1,0
"724",1,0,1,0,0,0,0,0,1,1,0,1,0,0,0,0,0,0,1,0,0,0,1,0,0,0,0,1,0,0,1,1,0
"725",0,0,1,1,0,1,0,0,1,1,1,1,1,1,0,0,0,0,0,1,0,0,0,0,1,1,1,0,0,0,0,1,0
"726",1,1,1,1,0,0,1,1,1,1,1,1,1,0,0,0,0,0,0,0,0,0,0,1,1,0,1,0,1,1,1,1,1
"727",0,1,0,0,0,0,0,0,0,1,0,0,0,0,0,0,0,0,0,0,0,0,0,0,1,0,0,0,1,0,0,0,0
"728",1,1,1,0,0,0,1,0,1,0,0,0,0,1,0,0,0,0,0,0,0,1,1,1,1,0,1,0,1,0,0,0,0
"729",1,1,0,0,1,1,0,0,0,1,0,1,0,0,0,0,0,0,0,1,0,1,1,0,0,0,0,0,1,0,1,0,0
"730",1,1,1,1,0,1,1,1,1,0,0,1,0,1,0,0,0,1,1,1,1,1,1,1,1,1,1,1,1,1,1,0,0
"731",0,0,0,0,1,1,1,1,1,0,1,0,1,1,1,1,0,0,0,1,1,0,0,1,0,1,0,0,0,0,0,1,0
"732",1,1,0,1,0,1,0,1,0,1,0,1,0,1,1,0,0,1,1,1,1,0,0,0,1,0,0,0,1,1,0,0,0
"733",1,1,1,1,1,1,1,1,1,1,1,1,1,1,1,0,1,1,1,1,1,1,1,1,1,1,1,1,1,1,1,1,1
"734",1,1,1,1,0,1,0,1,1,1,1,1,0,0,1,0,0,0,1,1,0,0,1,0,0,1,1,0,0,0,1,0,0
"735",1,0,0,0,0,0,0,0,1,1,1,1,1,0,0,0,0,0,0,0,0,1,1,NA,0,0,1,1,0,0,1,0,0
"736",1,1,0,1,0,1,0,0,1,0,0,0,0,0,1,0,0,1,0,0,NA,NA,NA,0,1,0,0,NA,0,NA,1,0,NA
"737",1,1,1,0,0,1,1,0,1,1,0,1,1,0,0,0,0,0,0,1,1,1,1,1,0,1,1,1,1,0,0,1,0
"738",1,1,0,1,0,0,1,0,1,1,0,1,1,0,0,0,1,1,0,0,0,1,0,1,1,0,0,0,1,1,0,0,0
"739",1,1,0,1,1,1,0,1,1,1,1,1,0,0,0,1,1,0,1,1,1,1,0,0,0,1,0,1,1,1,0,0,1
"740",1,1,0,1,0,1,1,0,1,0,1,1,1,1,0,1,NA,0,1,1,1,1,1,0,1,1,1,NA,1,1,1,0,0
"741",1,1,1,1,0,1,1,0,1,1,0,1,1,0,1,0,1,0,1,0,0,0,1,0,1,1,1,0,1,1,0,1,0
"742",0,1,0,1,1,1,0,0,1,0,0,1,0,0,1,0,0,0,1,0,0,0,0,0,1,0,0,0,1,0,0,0,0
"743",0,1,1,1,0,1,1,0,1,1,0,1,0,0,0,0,0,0,0,1,0,1,1,0,1,0,0,1,0,1,0,0,1
"744",1,1,0,1,0,1,1,1,1,1,0,1,1,1,0,1,1,1,0,1,1,1,1,1,0,0,1,1,0,1,1,0,1
"745",1,1,1,1,0,1,0,0,1,0,1,1,1,0,0,0,0,0,0,1,1,0,0,0,0,0,0,1,1,0,1,0,0
"746",0,1,0,0,0,1,1,1,1,0,0,0,0,0,1,0,0,0,1,0,0,0,0,0,0,0,0,0,0,1,0,0,0
"747",0,0,0,0,1,1,0,0,1,0,1,0,1,0,0,0,0,1,1,0,0,1,0,1,0,0,0,1,1,1,1,0,0
"748",1,0,1,1,0,0,0,0,1,0,0,0,0,0,0,1,1,0,0,0,0,0,0,1,0,0,1,0,1,0,1,0,0
"749",1,1,0,1,0,1,1,1,0,1,NA,1,1,1,1,0,1,0,NA,1,0,0,1,1,0,0,0,0,1,NA,NA,0,NA
"750",1,1,1,1,1,1,1,1,1,0,1,1,0,0,1,0,1,0,0,1,0,1,1,0,1,1,0,0,1,1,1,0,0
"751",0,1,0,0,0,1,0,0,0,0,0,1,0,0,0,0,0,1,0,1,0,0,0,1,1,0,1,0,1,1,0,0,0
"752",0,1,0,0,1,0,1,0,1,0,0,0,0,0,0,0,0,1,0,0,0,1,0,0,0,0,0,0,0,0,0,0,0
"753",0,0,0,0,0,1,0,0,1,0,0,0,0,0,0,0,0,0,0,0,0,0,0,0,0,0,0,0,1,0,0,0,0
"754",1,1,1,1,0,1,1,1,1,1,0,1,1,1,1,1,0,1,1,1,1,1,1,1,1,1,1,0,1,1,1,1,0
"755",1,0,1,1,0,1,0,1,1,1,1,1,0,1,1,1,1,1,1,0,0,1,1,1,1,1,1,0,0,1,1,1,0
"756",1,1,0,0,0,1,1,0,1,0,0,1,0,0,1,0,0,0,0,1,1,1,0,1,0,0,0,0,0,1,0,0,0
"757",1,1,0,1,1,0,0,0,0,0,0,0,1,0,0,0,0,0,0,1,0,0,0,1,0,0,0,0,0,0,0,0,0
"758",0,1,1,0,0,0,0,0,1,0,0,1,1,0,0,0,0,1,1,0,0,1,0,0,0,0,0,0,1,1,0,0,0
"759",0,0,0,1,0,0,0,0,0,0,1,0,0,0,0,0,0,0,0,0,0,1,1,0,1,0,0,1,0,1,1,0,0
"760",1,1,1,1,1,1,1,0,1,1,0,1,0,0,1,1,1,1,1,1,0,0,1,1,1,1,1,0,1,1,1,0,0
"761",1,1,0,0,1,0,1,1,1,0,1,1,0,0,0,1,1,0,1,1,1,1,0,1,1,0,1,0,1,0,0,0,0
"762",1,1,1,1,1,1,1,1,1,1,1,1,0,0,1,0,1,1,1,1,1,1,1,0,1,1,0,0,1,1,1,1,1
"763",1,0,0,1,0,1,1,1,1,0,0,1,0,0,1,0,1,1,1,0,1,0,1,1,0,0,0,0,0,0,1,0,0
"764",1,1,1,1,0,1,0,1,0,0,1,0,0,0,1,1,0,0,1,1,1,0,0,0,1,0,1,1,1,0,0,0,0
"765",0,0,0,0,0,0,1,0,0,1,0,1,0,0,0,1,0,1,0,0,0,0,1,1,1,0,0,0,1,0,0,0,0
"766",1,1,1,1,1,1,1,1,1,1,1,1,1,0,0,0,1,1,0,1,1,1,1,1,1,1,0,1,0,1,0,0,0
"767",1,1,1,1,1,1,1,1,1,1,0,1,1,1,1,1,1,0,1,1,1,1,1,0,1,1,1,1,1,1,0,1,1
"768",1,0,1,0,0,1,1,1,1,0,0,1,0,0,1,1,0,0,0,1,1,1,0,0,0,0,1,0,1,0,1,0,0
"769",1,1,1,1,1,1,1,1,1,1,1,1,1,1,1,0,1,1,1,1,1,1,1,1,0,1,0,NA,1,0,0,1,1
"770",0,0,0,1,1,0,0,1,1,0,1,0,1,0,0,0,0,1,0,1,1,0,0,0,0,0,0,0,0,0,0,1,0
"771",1,1,1,1,0,0,0,1,1,1,0,1,1,0,1,1,NA,NA,1,1,1,0,0,1,1,1,0,NA,1,1,0,1,NA
"772",1,1,0,0,0,1,0,1,1,1,1,1,0,1,1,0,1,1,0,1,1,1,1,1,1,1,0,1,1,0,0,1,0
"773",0,1,0,0,1,0,0,1,0,1,0,1,0,0,0,0,0,1,1,0,0,1,0,0,0,1,0,0,0,1,1,0,0
"774",1,1,1,1,0,1,1,1,1,0,0,1,1,0,1,0,1,0,0,1,1,0,0,0,1,1,1,0,1,0,0,0,1
"775",0,1,1,1,1,0,1,1,1,0,0,1,0,0,0,1,0,1,1,1,1,1,0,1,0,0,0,0,1,0,1,0,1
"776",1,1,0,0,0,1,1,1,1,0,1,1,0,1,1,0,0,1,1,1,0,0,1,1,1,1,1,0,1,1,0,0,0
"777",1,0,1,1,0,1,1,1,1,0,1,1,1,0,0,0,0,0,0,1,0,1,1,0,1,0,0,1,1,0,1,0,0
"778",0,1,0,1,0,0,1,1,1,1,1,1,1,1,1,0,0,1,0,0,1,1,1,1,1,1,1,1,1,1,1,0,0
"779",1,1,0,1,1,1,1,1,0,1,0,1,1,1,1,1,0,1,1,1,0,0,1,1,1,1,0,0,1,1,0,1,0
"780",1,1,0,1,0,0,1,0,1,1,1,1,0,0,1,0,0,1,1,1,0,0,1,0,1,1,0,0,0,1,0,0,0
"781",1,0,1,0,1,1,0,0,1,1,1,0,0,0,1,0,0,0,1,1,1,1,0,1,0,1,1,1,1,1,1,0,0
"782",1,1,1,0,0,0,1,1,1,0,1,1,1,1,0,0,1,0,1,0,0,0,0,1,1,0,1,0,0,0,0,1,0
"783",0,1,0,0,1,1,0,0,1,1,0,0,1,1,1,1,0,0,0,0,1,1,1,0,1,0,1,1,1,0,0,1,1
"784",1,1,0,0,0,1,1,1,1,0,1,1,0,1,1,0,1,1,0,1,0,0,0,0,1,0,1,0,1,0,1,1,0
"785",1,0,1,1,1,1,0,1,1,1,0,1,0,1,0,0,1,1,1,1,0,1,1,0,1,1,1,1,1,1,0,0,0
"786",1,1,0,0,0,1,0,1,1,1,1,0,1,1,1,0,0,0,1,1,1,0,0,1,0,0,1,0,1,0,1,1,0
"787",1,1,1,1,NA,NA,NA,NA,1,1,NA,NA,NA,NA,0,0,NA,NA,NA,NA,NA,NA,NA,NA,NA,NA,NA,NA,NA,NA,NA,NA,NA
"788",0,0,1,0,0,1,0,1,0,1,1,0,1,0,0,0,0,0,0,1,1,0,0,0,1,0,1,0,0,0,0,0,0
"789",1,1,1,1,0,1,0,1,1,1,1,1,1,1,1,1,0,1,0,1,1,0,1,0,0,1,1,0,0,0,0,1,0
"790",1,1,1,1,1,1,1,1,1,1,1,1,1,1,0,1,0,0,1,1,0,1,1,0,1,1,0,0,1,NA,NA,NA,NA
"791",1,1,0,1,1,1,1,1,1,1,1,1,1,1,1,0,0,1,1,1,1,1,1,1,1,1,1,1,1,1,1,0,1
"792",0,1,1,1,0,1,0,1,1,1,0,1,1,1,0,0,0,0,0,1,0,0,0,0,1,0,0,1,1,1,1,0,0
"793",0,1,0,1,0,0,0,0,0,0,0,0,0,1,0,1,1,0,0,0,0,1,0,0,0,0,0,0,0,0,0,1,0
"794",1,1,0,0,0,0,0,0,0,0,1,0,0,0,1,0,0,1,0,1,0,0,0,0,0,0,0,0,0,0,0,1,0
"795",1,1,1,1,1,1,0,1,1,1,1,1,0,0,1,1,0,0,1,1,1,1,1,1,1,1,1,1,NA,1,1,NA,0
"796",1,1,0,0,0,1,0,0,1,0,0,1,1,1,0,0,0,0,1,1,0,0,1,0,1,0,0,0,1,0,0,0,1
"797",1,1,1,1,1,1,1,1,1,1,1,1,1,1,1,1,1,1,1,1,1,1,1,1,1,1,1,1,1,1,1,1,0
"798",0,0,0,0,0,0,0,0,0,1,0,1,0,0,0,1,0,1,0,0,0,0,0,0,0,0,0,0,0,0,1,0,0
"799",1,1,0,1,0,1,1,0,1,1,1,1,1,0,1,1,0,1,1,0,1,1,1,0,0,1,0,0,0,0,1,0,0
"800",0,0,0,0,0,0,0,0,1,0,0,0,0,0,1,0,0,1,0,0,0,0,0,0,0,0,0,0,0,1,1,0,0
"801",0,0,0,0,0,0,0,1,1,0,0,0,1,0,0,0,0,0,0,0,0,0,0,0,1,0,0,0,1,0,0,0,0
"802",1,1,1,1,1,1,0,1,1,1,1,1,0,1,1,0,0,1,1,1,1,1,1,0,1,1,1,1,1,1,1,1,1
"803",1,1,0,1,1,1,0,1,1,1,0,1,1,0,1,0,0,1,0,1,1,0,0,0,1,1,1,0,1,0,0,0,0
"804",1,1,0,1,0,1,0,0,1,0,0,1,1,0,1,0,0,1,1,0,1,0,1,1,0,1,0,0,0,0,0,0,0
"805",0,1,0,1,0,0,0,1,0,1,0,1,0,0,0,0,0,1,0,0,0,0,1,1,0,1,0,0,1,0,0,0,0
"806",1,1,0,1,0,1,1,0,1,0,0,1,0,0,0,0,0,1,1,0,0,0,0,0,1,0,0,0,0,1,0,1,0
"807",0,1,1,1,1,1,1,1,1,1,0,1,0,1,1,1,0,0,0,0,0,0,1,0,1,1,0,1,0,1,0,1,1
"808",1,1,1,1,0,0,1,0,1,1,0,1,0,0,1,1,0,1,0,1,0,0,1,0,1,1,0,1,0,0,0,0,0
"809",0,1,0,0,0,0,0,1,0,0,0,1,0,0,0,1,0,0,0,0,0,0,0,0,0,0,1,0,0,1,0,0,0
"810",0,1,1,0,0,1,1,0,1,0,0,1,0,1,0,1,0,1,1,1,0,0,0,0,0,0,0,0,0,0,0,0,1
"811",0,1,1,NA,0,0,1,1,1,1,NA,NA,1,1,0,0,0,NA,NA,1,0,0,0,NA,NA,1,0,0,1,NA,1,NA,NA
"812",1,1,0,1,0,1,0,0,1,1,0,1,1,1,1,0,0,1,0,1,0,0,0,0,0,0,1,0,0,0,1,0,0
"813",1,0,0,0,0,1,0,1,1,1,1,0,0,0,0,0,0,NA,NA,NA,NA,NA,NA,NA,NA,NA,NA,NA,NA,NA,NA,NA,NA
"814",0,1,1,1,0,0,1,1,1,1,0,1,0,1,1,0,0,0,0,1,0,1,0,1,1,1,1,0,1,0,0,0,0
"815",1,1,0,1,0,1,0,1,0,1,0,0,0,0,0,0,0,1,1,0,0,0,0,0,0,0,1,1,1,0,0,1,0
"816",1,0,1,1,0,0,0,0,0,0,0,0,0,1,0,0,0,0,0,0,0,0,0,1,0,1,0,0,0,0,0,1,0
"817",1,1,1,0,0,0,1,1,1,0,0,0,0,0,1,0,0,0,1,0,1,0,1,0,1,0,1,0,0,0,0,0,0
"818",1,1,0,0,1,1,1,0,1,0,1,1,1,0,1,0,0,1,1,1,0,1,0,0,1,0,0,1,1,0,1,1,1
"819",0,1,0,0,0,0,1,0,1,1,1,1,1,0,1,0,0,0,0,1,1,0,0,0,1,0,1,0,1,1,1,0,0
"820",1,1,1,1,0,1,1,1,1,0,0,1,0,1,1,1,1,0,1,1,0,1,1,1,1,0,1,1,1,1,1,1,1
"821",0,1,0,0,0,0,0,0,1,0,0,0,0,0,0,0,0,1,0,1,0,0,0,0,0,0,1,1,1,1,0,0,0
"822",1,1,1,0,0,0,1,1,1,0,0,0,0,0,0,1,0,1,0,1,0,0,0,0,0,0,1,0,0,0,0,0,0
"823",0,0,0,0,0,0,0,0,0,0,0,1,0,0,0,0,0,0,0,0,0,0,0,0,0,0,0,0,0,0,0,1,0
"824",1,1,1,1,1,1,1,1,1,1,1,1,1,1,1,1,1,1,1,1,1,1,1,1,1,1,1,1,1,1,1,1,0
"825",0,1,1,1,0,1,1,1,1,1,1,1,1,1,0,1,0,1,1,1,1,1,1,0,1,1,1,0,1,1,1,0,0
"826",1,1,1,0,0,0,0,1,1,1,1,1,0,0,1,1,0,1,0,0,1,1,0,0,0,1,0,0,0,0,1,1,0
"827",1,1,0,1,0,1,0,0,1,1,0,1,0,0,0,0,0,0,0,0,0,0,1,0,1,0,0,0,0,1,1,1,0
"828",1,1,1,0,0,0,1,0,1,1,0,1,1,0,0,1,0,0,0,0,0,0,0,0,0,0,0,1,1,NA,NA,NA,NA
"829",1,0,0,0,0,0,0,NA,1,0,0,0,0,NA,1,0,0,0,1,0,1,0,0,1,0,0,0,0,1,0,1,0,0
"830",1,1,1,0,1,1,0,0,1,1,0,1,0,0,1,0,0,0,1,0,1,1,1,0,1,0,0,0,1,0,1,1,0
"831",1,1,1,1,0,1,1,1,1,1,0,1,1,0,0,1,0,0,1,1,1,1,1,0,1,1,1,0,1,1,0,1,0
"832",0,1,0,0,0,1,1,1,1,0,0,1,0,1,1,0,1,1,0,1,0,1,0,0,1,1,0,0,0,1,1,1,0
"833",1,1,1,1,0,0,0,1,1,1,0,0,1,0,1,0,0,0,1,0,1,1,1,0,1,0,0,1,0,1,1,1,0
"834",1,1,0,1,1,0,0,1,0,0,0,1,0,0,1,0,0,0,1,0,0,0,0,0,0,0,0,0,0,0,0,0,0
"835",0,1,1,1,0,1,0,0,1,1,0,1,0,1,1,0,0,1,0,0,0,1,0,0,0,0,0,0,1,1,0,0,0
"836",0,1,1,1,1,0,1,1,1,1,1,1,1,0,1,1,1,0,1,1,1,1,1,0,1,1,1,0,0,1,0,0,1
"837",1,1,0,1,0,1,0,1,1,1,0,1,0,0,1,0,0,1,1,1,0,0,0,0,0,0,0,0,0,0,1,0,1
"838",0,0,0,0,0,1,0,0,1,0,0,1,1,0,0,0,1,0,NA,0,0,0,1,1,NA,0,0,0,1,0,0,0,0
"839",1,1,1,1,0,1,0,0,1,0,0,0,0,0,1,1,0,0,0,1,1,1,1,1,1,0,0,0,0,0,1,0,0
"840",0,0,1,0,0,1,0,0,0,0,0,1,0,1,1,0,0,0,1,0,0,1,1,0,1,0,0,0,0,1,0,0,0
"841",1,1,1,1,1,1,0,NA,1,1,1,1,0,1,1,0,NA,1,1,1,1,1,1,1,1,1,1,1,1,1,1,1,0
"842",1,1,1,1,0,0,1,1,1,1,0,1,0,0,0,1,0,1,1,0,1,0,1,1,0,1,1,0,1,0,0,0,1
"843",1,1,1,1,0,1,1,0,1,1,1,1,1,1,1,0,0,1,1,1,0,1,0,1,0,1,1,0,1,1,1,0,0
"844",1,1,1,0,1,0,0,0,1,0,0,1,1,1,1,0,0,0,1,1,1,1,1,1,0,1,1,0,0,1,0,1,0
"845",1,1,1,0,0,0,0,0,1,0,1,1,0,0,0,0,0,1,1,1,1,0,0,0,1,1,1,0,0,0,0,0,1
"846",1,1,0,0,0,0,1,1,1,1,0,0,0,0,0,0,0,0,1,1,1,1,1,0,0,0,0,0,1,0,0,0,0
"847",1,1,1,1,1,0,1,0,1,1,0,1,0,0,1,0,0,1,1,0,0,1,1,1,0,0,1,0,0,0,0,0,1
"848",1,0,0,0,0,0,1,1,1,1,0,1,1,0,1,0,0,1,0,0,1,0,1,1,0,1,0,0,0,1,1,0,0
"849",0,1,1,0,0,0,0,0,1,1,0,1,0,1,0,0,0,0,0,1,1,1,0,0,0,0,1,0,0,1,0,0,0
"850",1,1,1,1,0,1,0,1,0,1,1,1,0,1,1,0,0,0,0,1,1,1,0,0,0,1,1,0,1,1,0,0,0
"851",1,1,1,1,0,0,1,1,1,1,1,1,0,0,1,0,0,0,0,1,1,0,1,0,1,1,0,0,1,1,1,0,0
"852",1,1,1,1,0,0,0,0,1,0,0,1,0,0,0,0,0,0,0,0,NA,0,0,0,0,0,0,0,1,0,1,1,0
"853",1,0,1,0,0,0,1,1,1,1,0,1,0,0,0,0,0,0,0,1,1,1,1,0,0,1,0,0,0,0,1,0,0
"854",1,1,1,1,1,1,1,1,1,0,0,1,1,1,0,0,0,0,1,1,1,0,1,1,1,1,1,0,0,0,1,1,0
"855",0,1,0,1,0,0,0,0,1,0,0,1,0,0,1,0,0,0,0,0,1,1,0,0,0,0,0,0,0,0,0,0,0
"856",1,1,0,0,0,0,0,1,1,0,0,0,1,1,0,0,0,0,1,0,1,0,0,0,0,0,0,0,0,0,0,1,0
"857",1,1,1,1,1,1,1,1,1,1,1,1,0,1,1,1,1,1,1,1,1,1,1,1,1,1,1,1,1,1,1,1,1
"858",1,1,1,1,0,1,1,1,1,1,0,1,1,1,0,1,0,1,1,0,0,1,0,1,0,0,1,0,1,0,1,0,0
"859",1,1,0,1,1,0,1,1,1,1,1,0,1,1,0,0,1,0,0,1,1,1,0,1,1,0,0,0,1,1,1,0,0
"860",1,1,0,1,0,0,1,1,0,0,0,0,0,0,1,0,0,0,1,1,0,1,1,1,0,0,1,0,1,0,1,0,0
"861",1,1,0,1,0,0,0,1,1,1,1,1,0,0,1,1,0,0,0,0,0,0,0,0,0,1,1,0,1,1,1,0,0
"862",1,1,0,0,0,1,0,1,1,1,0,1,1,1,1,0,1,0,1,0,1,1,0,0,1,1,0,1,1,1,0,1,1
"863",1,1,0,1,0,0,1,0,1,1,1,1,1,0,1,1,0,1,0,1,0,1,1,1,0,1,1,0,0,1,0,1,0
"864",1,1,0,0,0,0,1,0,1,1,1,1,0,1,1,0,0,0,1,0,1,1,0,1,1,1,1,0,1,0,0,1,1
"865",1,1,1,1,0,1,0,1,1,1,1,1,0,0,1,1,1,1,1,1,1,1,1,1,1,1,1,1,1,1,0,0,1
"866",0,1,1,0,0,1,1,1,1,1,1,0,0,0,1,0,0,1,1,1,1,0,1,1,1,1,0,0,1,1,0,1,0
"867",1,1,0,0,0,1,0,0,1,0,0,0,0,1,0,0,0,1,0,0,NA,1,1,1,1,0,1,0,1,0,0,0,0
"868",1,1,1,1,1,1,1,0,0,1,1,1,0,0,1,0,1,1,0,0,1,0,1,1,1,1,1,0,1,1,1,0,1
"869",1,1,1,1,0,1,1,0,1,1,0,1,1,0,1,1,1,1,1,1,1,0,1,1,1,0,0,0,1,0,0,0,0
"870",0,1,1,1,1,1,1,1,1,1,0,0,0,0,0,1,0,0,1,1,0,1,0,0,1,1,1,1,0,1,1,0,0
"871",1,1,1,1,0,1,1,0,1,1,1,0,1,0,0,1,0,1,1,1,1,1,1,1,1,1,1,1,1,1,0,0,1
"872",1,1,1,1,0,1,0,1,1,1,1,1,0,1,1,0,0,0,0,1,0,1,1,1,1,1,1,0,1,1,0,1,0
"873",1,1,1,1,1,1,1,1,1,1,1,1,0,1,0,1,0,1,1,1,1,1,0,1,1,1,1,0,1,1,1,0,0
"874",1,0,0,0,0,1,0,0,1,1,1,0,0,0,0,0,0,0,1,1,0,0,0,0,0,1,0,0,0,1,0,1,0
"875",1,1,1,1,1,1,0,1,1,1,1,1,0,1,1,1,1,1,1,1,1,1,0,0,1,1,1,0,1,1,1,0,1
"876",0,1,0,1,1,1,1,1,1,0,0,1,1,1,0,0,0,0,0,0,0,0,1,1,1,1,1,0,1,0,0,0,0
"877",1,1,1,1,1,1,1,1,1,1,0,1,1,0,1,1,1,1,1,1,1,0,1,1,1,1,1,1,1,1,1,1,0
"878",1,1,1,1,0,1,1,0,1,1,0,1,0,0,1,1,0,1,0,1,0,0,1,0,1,1,0,0,1,1,1,0,0
"879",0,1,0,0,1,0,1,0,1,1,0,1,0,0,0,0,0,0,1,0,1,0,1,0,0,0,0,0,1,0,1,0,0
"880",0,1,0,0,0,1,1,1,1,1,0,1,1,1,0,1,0,1,1,0,0,1,1,1,1,1,1,0,1,1,0,0,1
"881",0,0,0,0,0,1,0,0,1,0,0,0,1,0,0,0,0,0,1,0,1,0,1,1,0,0,0,0,1,0,0,0,0
"882",1,1,1,1,1,1,1,0,0,1,0,1,0,0,0,0,0,1,0,0,1,1,1,0,1,1,1,0,1,0,0,1,0
"883",1,1,0,1,0,1,1,1,1,0,0,1,1,0,1,0,1,0,0,1,0,1,0,0,0,1,0,0,0,0,1,0,0
"884",0,1,0,0,1,0,1,0,1,0,0,0,0,0,0,0,0,0,0,0,0,1,0,0,0,0,0,0,1,0,0,0,0
"885",1,1,1,0,0,0,0,1,1,1,0,1,1,0,1,1,0,0,0,0,0,1,1,0,1,0,0,0,0,1,1,0,0
"886",0,1,0,0,1,0,1,1,1,0,0,1,0,0,0,0,1,1,0,0,1,0,1,0,1,0,0,0,1,1,0,1,0
"887",1,1,1,1,1,1,0,1,1,1,1,1,0,1,0,1,NA,NA,0,0,0,1,1,1,1,1,1,1,1,1,1,1,0
"888",1,0,0,0,0,0,1,1,1,1,1,0,1,1,1,0,0,0,0,1,0,0,1,1,0,0,0,0,0,0,1,0,0
"889",1,1,0,1,1,1,1,1,1,1,0,1,1,1,1,0,0,0,1,0,1,0,0,1,0,1,0,0,1,0,0,0,0
"890",1,1,1,1,1,1,1,0,1,1,1,1,0,0,0,1,0,1,0,1,1,1,1,1,1,1,0,0,1,1,1,1,0
"891",0,1,0,0,0,1,1,0,1,1,0,1,0,1,1,1,1,1,NA,0,0,1,1,1,1,0,0,0,1,1,0,0,0
"892",0,1,1,1,1,1,0,1,1,0,0,1,0,0,0,0,0,1,1,1,0,1,1,0,0,0,0,0,0,0,0,0,0
"893",1,1,0,1,1,1,1,1,1,1,1,1,1,1,1,1,0,1,1,1,0,0,1,1,1,1,1,1,1,1,1,1,0
"894",1,1,0,0,0,0,0,1,1,0,0,1,0,1,1,1,1,0,1,0,0,0,0,0,0,0,0,1,1,0,1,0,0
"895",0,0,1,0,0,0,1,1,1,1,0,0,0,0,0,1,1,0,1,0,0,1,0,0,0,0,1,0,0,0,1,1,0
"896",1,1,1,1,0,0,0,1,1,0,1,1,0,0,0,0,0,0,1,0,1,1,1,0,1,0,1,0,1,0,1,1,0
"897",1,1,1,0,0,1,0,0,1,0,0,0,1,0,1,1,1,0,1,1,0,1,0,0,1,0,0,0,1,1,1,0,1
"898",1,1,0,1,0,1,0,0,1,1,0,1,0,0,0,1,1,0,1,1,1,1,1,1,1,0,1,0,0,0,1,0,0
"899",0,0,0,1,0,1,1,1,1,1,1,1,0,0,0,0,1,1,0,1,1,1,1,0,0,0,0,0,1,0,0,0,0
"900",1,1,0,0,0,1,1,1,1,1,1,1,0,0,1,0,0,0,1,1,1,0,1,1,1,1,0,1,1,0,1,0,0
"901",1,1,1,1,1,1,1,1,0,0,0,1,1,0,1,0,0,0,1,1,1,1,0,1,1,1,1,0,1,0,0,0,0
"902",0,0,1,0,0,0,0,1,0,0,0,0,0,1,0,1,0,0,1,0,0,1,0,0,0,0,0,0,1,1,0,0,0
"903",1,1,1,0,0,0,0,1,1,0,0,0,0,0,1,1,1,0,0,0,0,0,1,0,1,0,0,1,0,0,1,0,1
"904",1,1,1,1,1,1,1,1,1,1,1,1,1,0,1,1,1,0,0,1,1,1,1,0,1,1,1,1,1,0,1,0,1
"905",1,1,0,0,0,0,1,1,1,1,1,0,0,0,1,0,0,0,1,1,0,0,0,0,1,1,1,0,1,0,0,0,0
"906",0,0,1,0,0,0,0,1,0,0,0,0,0,0,0,0,0,1,0,0,1,1,0,0,0,0,0,0,1,0,1,0,1
"907",1,1,0,1,0,0,1,0,0,0,1,0,0,0,0,0,0,1,1,0,1,0,0,0,0,0,0,1,0,0,0,1,0
"908",0,1,0,0,1,0,0,0,1,0,0,0,0,0,0,0,0,1,0,0,0,1,1,0,0,0,0,0,0,0,0,0,NA
"909",1,1,1,1,0,1,1,1,1,1,0,1,1,0,0,0,1,1,1,1,0,0,1,0,1,0,1,1,0,0,1,0,0
"910",1,1,1,1,0,1,1,1,1,1,0,1,1,1,1,0,1,1,0,0,0,1,1,0,0,1,0,0,0,0,0,0,0
"911",0,1,0,1,1,0,0,1,1,0,0,0,0,0,0,1,0,0,0,0,0,1,0,0,0,0,1,1,0,0,1,0,0
"912",0,1,0,0,0,1,0,0,1,0,1,1,0,0,0,0,0,0,0,0,NA,1,1,1,1,0,0,0,0,0,0,0,0
"913",0,1,NA,1,0,0,0,0,NA,NA,NA,NA,NA,NA,NA,NA,NA,NA,NA,NA,NA,NA,NA,NA,NA,NA,NA,NA,NA,NA,NA,NA,NA
"914",0,1,1,1,0,1,1,1,1,1,0,1,1,0,0,1,0,0,0,0,0,0,0,1,1,1,1,0,1,1,0,1,0
"915",1,1,1,0,1,1,1,1,1,1,1,1,0,1,1,0,1,1,0,1,1,0,1,1,1,0,1,0,0,1,1,1,0
"916",1,1,0,1,1,0,1,1,1,1,1,1,1,1,1,0,1,0,0,1,1,0,1,1,0,1,1,0,0,1,0,1,1
"917",1,1,1,1,1,1,1,0,1,1,1,1,1,0,1,1,0,0,0,0,1,1,1,1,1,1,0,0,1,0,1,1,0
"918",0,1,1,0,0,0,0,1,1,1,1,1,1,1,0,1,0,0,1,1,0,1,0,0,1,0,0,0,0,0,1,0,1
"919",0,1,0,0,1,0,1,1,1,1,0,1,1,1,1,0,0,1,1,1,0,1,1,1,0,0,0,1,1,0,0,0,1
"920",1,1,1,1,0,0,0,1,1,0,0,1,1,0,1,0,0,0,0,0,1,1,0,0,1,0,0,0,0,0,0,0,0
"921",0,1,1,0,0,1,1,0,0,0,1,0,0,1,1,0,0,0,1,0,NA,1,1,0,0,0,1,1,1,1,1,0,1
"922",0,1,1,0,1,1,0,1,1,1,0,1,0,0,0,1,0,NA,0,1,1,1,1,0,0,0,0,0,0,1,1,0,0
"923",1,1,1,0,1,1,1,0,1,0,1,0,0,0,1,0,0,1,0,0,1,0,1,0,1,1,1,1,0,1,1,1,0
"924",1,1,0,1,1,1,0,1,0,0,1,1,1,0,1,0,0,0,1,1,1,1,1,0,1,0,0,0,1,0,0,1,1
"925",1,1,1,1,0,1,1,1,1,1,0,1,0,0,1,0,0,0,1,0,0,1,1,0,0,0,0,0,1,0,1,0,1
"926",0,1,1,0,0,1,0,1,0,1,1,0,0,0,1,0,0,1,1,0,0,0,0,1,0,0,1,1,0,1,0,0,1
"927",0,1,1,0,0,1,0,1,1,1,1,1,0,0,0,0,0,0,1,0,1,0,0,0,0,0,0,0,1,0,0,1,0
"928",0,0,0,1,0,1,0,1,1,1,0,1,1,0,0,0,0,1,0,1,0,0,0,1,0,1,0,0,1,0,0,0,1
"929",1,1,1,0,0,0,1,1,1,1,1,1,1,1,1,1,1,1,0,1,1,1,1,1,1,1,1,0,0,1,1,0,0
"930",1,1,1,1,0,1,1,1,1,0,0,1,0,0,0,0,0,1,0,0,1,1,0,1,1,1,0,1,0,0,1,0,0
"931",1,1,0,1,1,0,1,0,1,1,0,1,1,0,1,0,0,1,1,1,0,0,0,1,1,0,0,1,1,0,1,1,0
"932",1,0,1,1,0,1,1,1,1,1,0,1,0,1,1,1,0,0,0,0,1,1,1,0,1,1,1,0,1,1,1,1,1
"933",1,1,1,0,1,1,1,1,1,1,1,1,0,1,1,0,0,1,0,1,1,0,1,0,1,1,1,1,0,0,0,1,NA
"934",1,0,0,0,0,0,0,0,0,0,0,0,0,0,1,0,0,0,1,0,0,0,0,0,0,0,0,0,1,1,1,0,0
"935",0,1,1,0,1,0,0,0,0,0,0,1,0,0,0,0,0,0,0,0,0,0,0,0,0,0,0,0,0,0,0,0,0
"936",0,1,0,0,0,1,1,1,1,1,0,1,0,0,0,0,1,0,0,0,0,0,1,0,0,0,1,0,1,1,1,1,0
"937",1,1,1,1,0,1,0,0,1,0,1,1,1,0,0,0,0,1,1,1,1,0,1,0,1,0,0,1,1,0,1,0,0
"938",0,1,0,0,0,1,0,1,1,1,0,1,0,0,1,0,0,1,0,0,0,0,0,0,0,0,0,0,0,0,0,0,0
"939",0,0,1,0,0,0,0,0,1,0,0,0,0,0,0,0,1,0,0,1,0,0,0,0,0,0,0,0,1,0,1,1,0
"940",0,1,1,1,1,NA,1,0,1,1,0,1,0,1,1,NA,1,NA,NA,0,1,NA,0,NA,1,1,0,0,NA,NA,NA,NA,NA
"941",0,1,0,0,1,1,0,1,1,1,1,0,0,1,1,0,0,1,0,0,0,1,0,0,1,1,1,0,1,0,1,0,0
"942",0,1,1,1,0,1,0,1,1,1,1,1,1,1,1,1,0,0,NA,1,0,0,1,0,1,1,1,0,1,0,1,0,0
"943",1,0,0,0,1,0,NA,NA,NA,NA,NA,NA,NA,NA,NA,NA,NA,NA,NA,NA,NA,NA,NA,NA,NA,NA,NA,NA,NA,NA,NA,NA,NA
"944",0,1,0,0,0,0,0,0,1,1,1,1,0,1,0,0,0,0,0,0,0,1,0,1,0,0,1,1,0,0,1,0,1
"945",0,1,1,0,0,0,0,0,1,0,1,0,1,0,0,0,0,0,1,0,0,0,1,0,0,1,0,0,1,0,0,0,0
"946",1,1,0,1,1,0,1,1,1,0,0,1,0,0,0,0,0,0,0,0,0,1,1,1,1,0,0,0,1,1,0,0,0
"947",0,1,0,1,1,1,1,1,1,1,1,1,0,0,1,0,1,1,0,0,1,1,1,1,0,0,0,0,1,0,0,0,0
"948",1,0,1,1,1,1,1,0,1,1,1,1,1,1,0,0,1,1,1,0,1,1,1,1,1,1,0,0,1,1,1,0,1
"949",1,0,0,0,0,0,0,0,0,1,0,0,1,0,1,0,0,1,0,0,1,0,0,0,0,0,0,1,0,0,1,0,0
"950",1,1,1,1,1,1,1,1,1,1,1,1,0,1,1,1,NA,0,NA,1,1,1,1,1,1,1,0,0,NA,1,1,1,1
"951",1,0,1,1,0,1,0,1,0,1,1,1,0,1,0,0,0,1,1,0,0,0,0,0,0,1,0,1,0,1,0,0,0
"952",1,1,1,1,0,1,1,1,1,1,1,1,0,0,1,0,1,1,1,1,0,1,1,1,1,1,0,0,1,1,0,0,0
"953",1,1,0,0,0,1,1,0,1,1,1,1,0,1,1,0,0,0,0,0,0,1,0,1,1,1,0,1,1,0,0,0,0
"954",1,1,1,1,1,1,0,1,1,1,0,1,1,1,1,0,1,1,1,0,0,0,1,1,1,1,1,0,1,1,1,0,1
"955",1,1,0,1,0,1,0,0,1,0,0,1,0,1,1,1,1,0,1,0,1,1,0,0,0,0,1,0,1,1,0,1,0
"956",1,1,1,1,0,0,0,1,1,1,0,1,1,0,0,1,0,0,0,1,1,1,0,0,1,0,0,0,1,1,1,1,NA
"957",1,1,1,0,1,1,1,0,1,0,0,1,0,0,1,1,1,0,0,0,1,1,1,0,1,0,0,0,0,0,1,0,0
"958",1,1,0,1,1,1,0,1,0,1,1,1,0,0,1,1,1,1,1,0,1,1,1,0,1,1,0,0,1,1,1,0,0
"959",1,1,0,1,0,1,1,1,1,1,1,1,0,1,0,0,1,1,1,0,1,1,1,1,1,1,0,1,1,1,1,0,0
"960",1,1,0,0,0,1,0,0,1,1,0,1,1,0,1,0,0,1,0,1,1,0,1,0,0,0,0,0,1,0,0,0,0
"961",1,1,1,0,0,1,1,1,1,1,1,1,1,0,1,0,0,1,0,0,0,1,1,1,1,0,1,0,0,1,1,0,0
"962",1,1,0,0,0,0,1,1,1,0,1,1,1,0,1,0,0,0,0,1,0,1,0,0,0,0,1,0,0,1,1,0,0
"963",1,1,0,1,0,0,1,1,0,1,0,1,0,1,0,0,0,0,1,1,0,1,0,0,0,0,0,0,1,1,0,1,0
"964",1,1,1,1,0,0,1,1,1,1,0,0,0,0,0,0,0,0,1,0,0,0,0,0,0,0,1,0,1,0,1,0,0
"965",1,1,1,1,0,0,1,1,1,1,0,1,1,0,0,0,0,0,0,1,0,0,1,0,1,0,1,0,1,0,0,0,0
"966",1,1,0,0,0,1,0,1,1,0,1,1,0,1,1,0,0,1,0,0,0,1,1,0,1,0,1,0,0,0,0,1,0
"967",0,1,0,0,0,0,0,1,1,1,0,1,0,0,1,1,0,0,0,0,1,0,0,0,1,0,0,0,1,1,0,0,0
"968",0,0,1,1,1,1,0,1,1,1,0,1,1,0,1,1,0,0,1,0,0,0,0,1,1,1,1,0,1,1,0,1,0
"969",1,0,0,0,0,0,0,0,1,0,0,0,0,1,1,0,0,0,1,0,1,0,1,0,0,0,0,1,0,0,0,0,0
"970",0,0,1,0,0,0,0,0,0,0,0,0,0,1,0,0,0,1,0,1,0,0,0,1,1,0,0,1,0,1,1,0,0
"971",1,1,1,1,1,1,1,1,1,1,0,1,1,1,1,1,1,1,1,0,1,1,1,1,1,0,1,1,1,1,1,0,0
"972",1,1,0,1,0,1,1,0,1,1,0,1,0,0,1,1,0,1,0,1,0,0,1,0,1,0,0,0,0,0,1,1,0
"973",1,1,1,1,0,1,1,1,1,1,1,1,1,0,0,0,0,1,1,0,1,0,0,0,0,0,0,0,1,0,0,0,0
"974",1,1,1,1,0,1,1,1,1,1,0,1,0,0,1,1,0,1,1,0,1,0,0,0,0,1,1,0,1,1,1,0,0
"975",1,1,1,0,0,1,0,0,1,0,1,0,0,0,0,0,0,1,0,1,0,0,0,0,0,1,0,0,0,1,0,1,0
"976",0,0,0,0,0,1,0,0,0,1,0,0,0,0,0,0,0,1,0,0,0,1,1,0,0,0,0,0,1,0,1,0,0
"977",0,1,0,0,0,0,1,1,1,0,0,0,0,0,1,0,0,0,0,0,0,0,1,0,1,0,0,1,1,1,0,0,0
"978",1,0,0,0,0,0,0,0,1,1,0,1,0,0,0,0,0,1,1,1,0,0,0,0,0,0,0,0,1,0,0,0,0
"979",1,1,1,1,0,0,1,1,1,1,1,1,1,0,1,1,1,1,1,1,1,1,1,1,1,1,1,1,1,1,1,0,1
"980",1,1,1,1,1,1,1,1,1,1,1,1,1,0,1,0,0,1,1,1,0,1,1,1,1,1,1,1,1,1,1,1,1
"981",1,0,1,1,1,0,0,0,1,1,1,0,1,1,0,1,0,1,1,0,1,1,1,0,0,1,0,0,0,1,0,0,0
"982",1,1,1,1,0,1,1,1,1,1,0,0,0,1,1,0,1,0,1,1,1,1,1,1,1,0,1,0,1,1,1,1,1
"983",1,1,1,1,0,1,1,1,1,1,1,1,1,1,0,0,0,0,0,1,1,1,1,1,1,1,1,0,1,1,0,0,0
"984",0,1,0,1,0,0,0,1,1,0,0,0,0,1,0,1,0,0,1,0,1,0,1,0,0,0,0,0,0,1,0,0,0
"985",1,1,0,1,0,0,0,1,1,0,0,0,0,0,1,1,0,0,0,0,0,0,1,0,1,0,0,0,1,0,0,0,0
"986",1,1,1,1,0,1,1,1,1,1,1,1,1,0,1,0,0,1,0,1,1,1,1,0,1,1,0,0,0,0,0,1,0
"987",1,1,0,0,0,0,0,0,1,1,0,1,0,0,0,0,0,0,0,1,1,NA,0,0,1,0,0,0,1,0,0,0,0
"988",0,1,0,1,1,1,1,1,1,1,1,1,1,0,1,0,1,1,0,1,0,1,0,0,0,0,0,0,0,0,1,1,0
"989",0,1,1,1,1,1,0,0,1,0,0,0,0,0,0,0,1,1,1,NA,1,1,0,0,1,1,0,0,1,0,1,0,0
"990",1,1,1,1,1,1,1,1,1,1,1,1,1,0,1,0,1,0,1,1,1,1,1,1,1,1,1,1,1,1,1,0,0
"991",1,1,0,1,1,0,0,1,1,1,1,1,1,0,1,1,0,0,0,1,0,0,0,0,0,1,1,0,0,NA,NA,NA,NA
"992",1,1,0,1,0,1,0,1,1,1,0,1,0,0,1,0,0,1,0,0,0,1,0,0,1,1,1,0,1,1,0,0,0
"993",1,1,1,1,0,1,1,1,1,1,0,NA,0,NA,0,1,1,NA,NA,1,NA,1,1,NA,1,1,1,0,NA,1,NA,1,NA
"994",1,0,0,0,0,0,1,0,1,1,0,0,0,1,1,1,1,1,1,0,1,0,0,0,0,1,0,0,1,1,0,0,1
"995",0,1,0,0,0,0,0,1,1,1,1,0,0,1,0,0,0,1,0,1,0,0,0,0,1,0,1,0,1,0,0,0,0
"996",0,1,1,1,0,1,1,1,1,1,0,1,1,0,0,1,0,1,0,0,0,1,1,1,1,1,0,0,1,1,0,0,0
"997",1,1,0,1,0,1,0,1,1,1,1,1,1,0,1,1,1,1,1,1,1,1,1,1,1,1,1,0,0,1,0,0,1
"998",1,1,1,1,0,0,0,1,1,1,0,0,0,0,0,0,0,0,0,0,0,0,1,0,1,1,1,0,0,0,0,0,0
"999",1,0,0,0,0,1,0,0,0,1,0,1,0,0,0,1,0,0,0,1,0,0,0,0,0,0,1,0,0,0,0,1,0
"1000",1,1,1,1,1,1,1,1,1,1,1,1,1,0,1,0,0,1,1,1,0,1,1,0,1,1,1,0,0,1,1,0,1
"1001",1,1,1,1,0,0,1,1,1,0,1,1,1,0,1,0,0,0,1,1,0,0,1,0,1,1,1,1,1,1,1,1,0
"1002",1,1,1,1,1,1,1,1,1,1,1,1,1,1,1,1,1,1,1,1,1,1,1,0,1,1,1,1,1,1,1,0,1
"1003",1,1,0,0,0,1,1,0,1,1,0,0,0,1,1,0,1,0,0,0,1,0,0,0,1,0,0,1,0,0,1,0,1
"1004",1,1,0,1,0,0,0,1,1,0,0,0,0,0,1,0,0,0,1,0,0,0,0,0,1,0,1,1,1,0,1,1,0
"1005",0,1,1,0,0,1,0,1,1,1,1,1,1,0,0,0,0,1,1,1,1,0,1,1,1,1,1,0,1,1,1,1,0
"1006",1,1,1,1,1,1,1,1,1,1,1,1,0,1,1,1,0,1,1,0,1,1,1,1,1,1,1,1,1,1,0,1,0
"1007",1,1,1,1,1,1,1,1,1,0,1,1,1,0,1,1,1,1,1,1,0,1,1,1,1,1,1,0,1,1,1,0,0
"1008",1,1,0,1,0,1,0,1,1,1,1,1,0,0,1,0,0,1,1,1,0,1,1,1,1,0,1,0,1,1,1,0,0
"1009",1,1,1,1,1,1,1,1,1,1,0,1,0,0,0,1,1,0,0,1,1,1,1,0,1,1,1,0,1,1,1,0,1
"1010",1,1,0,1,1,1,1,1,1,1,0,1,1,0,1,1,1,1,1,1,1,1,1,1,1,1,1,0,0,0,0,0,NA
"1011",0,1,1,0,0,1,1,1,0,0,0,1,1,1,1,0,1,1,0,1,1,0,0,1,1,1,1,0,0,0,0,1,0
"1012",0,1,1,1,0,1,1,1,1,1,0,1,1,0,1,1,0,1,0,1,1,1,1,1,1,1,1,0,0,1,1,0,0
"1013",1,1,1,1,1,1,1,1,1,1,1,1,1,1,1,1,1,0,1,1,1,1,1,1,1,1,1,1,1,1,0,0,1
"1014",1,1,0,0,0,1,0,NA,1,0,0,0,0,0,1,1,0,1,0,0,0,0,1,0,0,0,0,NA,0,0,0,0,0
"1015",1,1,0,0,1,1,1,0,0,0,1,0,1,0,1,0,0,1,1,0,0,0,1,0,0,0,0,0,0,0,0,1,0
"1016",1,1,0,0,0,NA,1,1,1,0,NA,1,0,0,0,0,0,0,0,0,1,0,0,NA,NA,0,0,1,1,0,0,1,0
"1017",1,1,0,0,0,1,1,0,1,1,0,1,1,0,0,1,1,0,1,1,1,0,0,0,1,1,1,0,1,0,0,0,0
"1018",1,1,1,0,0,1,1,1,1,1,0,1,0,1,1,1,0,1,0,0,0,1,0,0,1,1,0,0,0,0,NA,0,0
"1019",1,0,1,0,0,1,0,0,1,1,0,1,1,1,0,0,1,1,1,1,1,0,0,0,1,1,0,0,1,0,0,0,1
"1020",1,1,0,1,0,0,0,1,1,0,1,0,1,1,0,0,1,1,0,1,1,0,1,1,1,1,1,0,1,1,1,0,1
"1021",0,1,0,0,0,1,0,0,1,1,1,0,0,0,1,0,0,0,1,1,1,1,1,0,0,0,0,0,0,1,0,0,0
"1022",1,1,1,0,0,1,1,1,1,0,0,0,0,0,0,0,1,0,0,0,0,1,0,1,0,1,0,0,0,1,0,0,1
"1023",1,1,1,1,0,0,0,0,1,1,0,1,0,0,1,0,0,0,1,1,0,0,1,1,0,0,0,0,0,1,0,1,0
"1024",0,0,1,0,0,1,0,1,0,0,0,0,0,1,1,0,0,1,0,0,1,0,0,0,0,0,0,0,0,0,0,0,0
"1025",0,1,0,1,0,1,1,0,1,0,0,1,0,1,1,0,0,0,0,0,1,0,0,1,1,0,0,0,0,0,1,0,0
"1026",0,0,0,1,0,0,0,0,1,1,0,1,0,0,1,1,0,0,1,1,0,0,1,1,0,0,1,0,0,0,0,0,0
"1027",0,0,0,1,0,0,0,0,0,1,0,0,0,0,0,0,0,0,0,0,1,0,0,0,0,0,0,0,0,0,0,1,0
"1028",1,1,0,0,1,0,0,0,0,1,0,0,0,0,0,0,0,0,1,0,0,0,0,0,0,0,0,0,0,0,0,1,0
"1029",1,1,1,1,0,0,0,1,0,1,0,1,0,0,1,1,1,1,0,0,0,0,1,1,1,1,0,0,1,0,0,0,1
"1030",1,1,0,1,1,1,0,1,1,1,1,1,0,0,1,0,0,1,1,1,1,1,1,1,1,1,1,0,1,1,1,1,0
"1031",1,1,1,1,1,1,1,1,1,1,0,1,1,0,1,1,1,0,1,1,0,1,1,0,0,1,1,1,1,1,1,0,1
"1032",1,1,1,1,1,1,1,1,1,1,1,1,1,1,1,0,0,1,1,1,1,0,0,0,1,0,0,0,1,1,1,0,1
"1033",0,1,1,NA,1,1,1,1,1,1,0,1,0,0,1,0,1,NA,0,1,1,1,0,0,0,1,0,0,0,0,0,1,0
"1034",1,1,0,0,0,1,1,0,0,0,0,0,0,0,0,1,0,0,0,0,0,0,0,0,0,0,0,1,0,0,0,0,0
"1035",1,1,1,1,0,1,0,1,1,1,1,1,0,1,1,1,0,0,1,1,1,1,1,0,1,1,1,1,1,1,0,1,0
"1036",1,1,0,0,0,0,0,0,1,0,0,1,0,0,1,0,0,0,1,0,1,0,1,0,0,1,0,0,0,0,1,0,0
"1037",0,1,1,0,0,1,1,1,1,0,0,0,0,1,0,0,0,0,1,1,0,0,0,1,0,1,1,0,0,0,0,0,0
"1038",1,1,0,1,0,0,1,1,1,1,1,1,1,1,1,1,1,1,0,1,1,1,1,0,1,1,1,0,1,1,1,0,1
"1039",1,1,0,1,0,0,0,1,1,0,0,1,0,0,0,0,0,1,1,0,0,0,1,0,1,0,1,0,1,0,1,0,0
"1040",1,1,1,1,0,1,1,1,1,1,1,1,1,0,1,1,0,1,1,1,1,1,0,1,0,1,1,0,1,1,1,0,1
"1041",1,0,0,0,0,0,0,0,1,0,0,1,0,0,0,1,0,0,0,0,0,0,0,0,0,0,0,0,0,0,0,0,1
"1042",0,1,0,1,0,1,0,1,1,0,0,1,0,0,1,0,1,1,0,1,1,1,0,1,1,0,1,0,1,0,NA,NA,NA
"1043",1,1,0,1,0,0,1,1,1,1,0,1,1,1,1,0,1,0,0,0,0,0,0,0,1,0,1,0,1,1,0,0,0
